Fonte,Titulo,Link,Area,Localidade,Salario,Habilidades,Empresa,Publicada em,Modalidade,Requisitos,Descricao,Setor,Beneficios,Horario,Regime contratacao,Data publicacao,Nivel
catho,Sobre a vaga,https://www.catho.com.br/vagas/analista-de-suporte-junior/32845567/,,Experiência com - BI,,,EMPLAVI,,,"Experiência prévia com suporte administrativo e sistemas ERP (Mega será um diferencial);; Conhecimento em processos administrativos e financeiros;; Experiência com BI e análise de dados;; Conhecimento em automação de processos (Excel Intermediário/Avançado, SQL, etc.);","Sobre a vaga
Estamos em busca de um profissional para atuar no suporte administrativo com foco em sistemas, garantindo o correto funcionamento das ferramentas utilizadas pela empresa, auxiliando na gestão de processos administrativos e dando suporte aos usuários em suas demandas operacionais.
Principais responsabilidades:
Prestar suporte aos usuários no uso do ERP Mega e outros sistemas internos;
Auxiliar na parametrização e atualização de sistemas conforme necessidade dos setores administrativos;
Atender chamados, resolver problemas técnicos e documentar soluções;
Identificar e reportar inconsistências nos sistemas, interagindo com fornecedores quando necessário;
Apoiar na automação e otimização de processos administrativos através de tecnologia;
Criar e manter relatórios e dashboards para acompanhamento de indicadores;
Auxiliar no treinamento de colaboradores quanto ao uso adequado dos sistemas;
Garantir a conformidade e segurança das informações tratadas no ambiente corporativo. Formação em Administração, Tecnologia da Informação, Contabilidade ou áreas correlatas (cursando ou concluído);
Experiência prévia com suporte administrativo e sistemas ERP (Mega será um diferencial);
Conhecimento em processos administrativos e financeiros;
Boa capacidade de análise e resolução de problemas;
Organização e atenção aos detalhes;
Habilidade de comunicação e trabalho em equipe.
Experiência com BI e análise de dados;
Conhecimento em automação de processos (Excel Intermediário/Avançado, SQL, etc.);
Noções de infraestrutura de TI e integrações de sistemas.
compartilhar
Benefícios
Assistência Médica / Medicina em grupo, Assistência Odontológica, Seguro de Vida em Grupo, Tíquete Refeição, Vale Transporte
Horário
De segunda a sexta, de 8h as 18h
Regime de Contratação
CLT (Efetivo)
Dados da Empresa
EMPLAVI
Construção civil, incorporação e comércio de imóveis.
Construção civil, incorporação e comércio de imóveis.
Nacionalidade e Porte:
Nacional de
    grande porte com 1.000 funcionários.
Ramo:
Construção Civil
SITE:
www.emplavi.com.br
Denunciar esta vaga",Informatica,Assistência Médica; Assistência Odontológica; Seguro de Vida em Grupo; Tíquete Refeição; Vale Transporte,"De segunda a sexta, de 8h as 18h",CLT (Efetivo),,
catho,Sobre a vaga,https://www.catho.com.br/vagas/tecnico-de-impressoras-volante-brasilia/32945929/,,CUP BOUTIQUE - DE,"R$1.900,00",,CUP BOUTIQUE DE RECURSOS HUMANOS,,,"Experiência na área de Suporte Técnico, manutenção de computadores, notebooks e celulares.","Sobre a vaga
Empresa Multinacional no segmento de Tecnologia, contrata:
Técnico Residente Informática 

Manutenção preventiva e corretiva de equipamentos.
 Monitoramento online dos equipamentos. 
Ambiente de fábrica e administrativo. 
Preparo, envio de equipamentos, demanda de impressoras. 
Suporte aos usuários referente a equipamentos de tecnologia.

Requisitos:
Experiência na área de Suporte Técnico, manutenção de computadores, notebooks e celulares. 
Curso Técnico de Informática ou Eletrônica Completo.

Remuneração Fixa R$1.900,00
Pacote de Benefícios
Plano de carreira
compartilhar
Benefícios
Assistência Médica / Medicina em grupo, Assistência Odontológica, Tíquete Refeição
Regime de Contratação
CLT (Efetivo)
Dados da Empresa
CUP BOUTIQUE DE RECURSOS HUMANOS
Consultoria em recursos humanos.
Consultoria em recursos humanos.
Nacionalidade e Porte:
Nacional de
    pequeno porte com 3 funcionários.
Ramo:
Recursos Humanos
SITE:
www.cuprh.com.br
Denunciar esta vaga",Informatica,Plano de carreira,,CLT (Efetivo),,
catho,Sobre a vaga,https://www.catho.com.br/vagas/auxiliar-de-suporte-ao-cliente-grupo-euro/32850978/,,,,"Realizar atendimento aos clientes via WhatsApp, telefone e outros canais; Encaminhar dúvidas dos clientes aos setores responsáveis; Retornar as demandas dos clientes de forma ágil, buscando oferecer respostas claras e eficazes; Registrar e organizar os atendimentos no sistema de chamados ou CRM da empresa; Atuar de forma consultiva, orientando o cliente para o melhor uso das soluções oferecidas; Colaborar com áreas internas (marketing, produto, tecnologia) para relatar bugs, sugestões de melhoria ou feedbacks dos clientes; Ensino superior em andamento ou completo nas áreas de Administração, Publicidade e Propaganda, Marketing, Sistemas de Informação, Relações Públicas ou áreas correlatas; Vivência com registros em plataformas de CRM; Participação em processos de acompanhamento pós-venda; Familiaridade com o ambiente digital e autonomia para aprender a operar novas ferramentas com rapidez; Ter ótimo comunicação escrita e oral",GRUPO NUNCHI,,,"Contribuir com melhorias nos fluxos de suporte e na base de conhecimento interna (FAQ, tutoriais, vídeos etc.); Experiência prévia com atendimento ao cliente, suporte técnico ou sucesso do cliente","Sobre a vaga
Sobre a oportunidade:

Se você está buscando um ambiente profissional para impulsionar sua evolução, você pode ter encontrado a oportunidade certa!

A sua principal missão nesta vaga será garantir que todos os clientes da Euro firma sejam respondidos com agilidade e suas demandas sejam direcionadas aos setores reponsáveis. Atuando com empatia, clareza e agilidade no suporte técnico, contribuindo para o sucesso da satisfação e a fidelização da base de clientes.

Como Auxiliar de Suporte ao Cliente você terá como atividades:

-Realizar atendimento aos clientes via WhatsApp, telefone e outros canais;
- Encaminhar dúvidas dos clientes aos setores responsáveis; 
-Retornar as demandas dos clientes de forma ágil, buscando oferecer respostas claras e eficazes;
-Registrar e organizar os atendimentos no sistema de chamados ou CRM da empresa;
-Atuar de forma consultiva, orientando o cliente para o melhor uso das soluções oferecidas;
-Contribuir com melhorias nos fluxos de suporte e na base de conhecimento interna (FAQ, tutoriais, vídeos etc.);
-Colaborar com áreas internas (marketing, produto, tecnologia) para relatar bugs, sugestões de melhoria ou feedbacks dos clientes.

Fez sentido para você? Então inscreva-se para nos conhecermos melhor

¨ Importante: Apenas serão considerados(as) os(as) candidatos(as) que preencherem o formulário abaixo. Currículos enviados diretamente à empresa não serão avaliados. Combinado?

 - Ensino superior em andamento ou completo nas áreas de Administração, Publicidade e Propaganda, Marketing, Sistemas de Informação, Relações Públicas ou áreas correlatas;
- Experiência prévia com atendimento ao cliente, suporte técnico ou sucesso do cliente;
- Vivência com registros em plataformas de CRM;
- Participação em processos de acompanhamento pós-venda;
- Familiaridade com o ambiente digital e autonomia para aprender a operar novas ferramentas com rapidez;
- Ter ótimo comunicação escrita e oral.
compartilhar
Benefícios
Tíquete Refeição
Horário
9h às 18h de segunda à sexta-feira;
Regime de Contratação
CLT (Efetivo)
Dados da Empresa
GRUPO NUNCHI
Empresa de consultoria e recrutamento
Empresa de consultoria e recrutamento
Nacionalidade e Porte:
Nacional de
    pequeno porte com 4 funcionários.
Ramo:
Recursos Humanos
SITE:
https://gruponunchi.com/
Denunciar esta vaga",Informatica,Tíquete Refeição,9h às 18h de segunda à sexta-feira;,CLT (Efetivo),,
catho,Sobre a vaga,https://www.catho.com.br/vagas/analista-de-dados/33196685/,,Power - BI,,,ESCOLAS CNEC,,,Experiência comprovada em análise financeira e confecção de relatórios.; Conhecimentos sólidos em contabilidade e finanças corporativas.,"Sobre a vaga
Analista de Dados com Ênfase em Análise Financeira 

Responsável por coletar, estratificar, analisar dados financeiros e confeccionar relatórios gerenciais e estratégicos. Atuar como apoio técnico nas tomadas de decisão, oferecendo análises precisas e projeções financeiras que contribuam para a sustentabilidade e eficiência da organização.

 Principais Atividades e Responsabilidades:

1 - Coleta e Estratificação de Dados:

Identificar e reunir dados financeiros provenientes de diversas fontes internas e externas.

Realizar a estratificação de dados por centros de custo, unidades de negócio, períodos e demais categorias relevantes.

Assegurar a consistência, integridade e confiabilidade das informações coletadas.

2 -Análise de Dados Financeiros:

Executar análises financeiras detalhadas, identificando tendências, desvios e oportunidades de otimização.

Realizar comparativos entre resultados realizados e orçados, bem como análises históricas e de mercado.

Desenvolver e monitorar indicadores de desempenho financeiro (KPIs).

3- Modelagem e Projeções:

Construir modelos financeiros para simulações e projeções de cenários futuros.

Participar do planejamento financeiro e apoiar revisões orçamentárias.

4- Elaboração de Relatórios:

Desenvolver relatórios financeiros periódicos (mensais, trimestrais e anuais) e ad hoc.

Apresentar os resultados financeiros de forma clara, objetiva e visualmente acessível.

Criar dashboards e painéis de controle para monitoramento contínuo.

5- Apoio Estratégico:

Auxiliar a diretoria e demais áreas estratégicas com análises financeiras embasadas.

Participar de reuniões para explanação dos resultados e apoio nas decisões estratégicas.

Requisitos:

Formação superior em Administração, Economia, Contabilidade ou áreas correlatas.

Experiência comprovada em análise financeira e confecção de relatórios.

Domínio de ferramentas de análise e visualização de dados (Excel avançado, Power BI, Tableau, entre outros).

Conhecimentos sólidos em contabilidade e finanças corporativas.

Capacidade analítica, visão estratégica e atenção aos detalhes.
compartilhar
Dados da Empresa
ESCOLAS CNEC
Instituição de ensino.
Instituição de ensino.
Nacionalidade e Porte:
Nacional de
    grande porte com 2.000 funcionários.
Ramo:
Educação/ Idiomas
SITE:
www.cnec.br
Denunciar esta vaga",Informatica,,,,,
catho,Sobre a vaga,https://www.catho.com.br/vagas/analista-de-dados/32813349/,,Power - BI,,,CANAÃ TELECOM,,,"Ensino superior completo em Estatística, Ciência de Dados, Engenharia, Matemática, Sistemas de Informação ou áreas correlatas.; Conhecimentos Técnicos:; Conhecimento avançado em SQL e manipulação de bancos de dados relacionais e não relacionais;; Excel avançado;; Experiência com plataformas de CRM e ERP;; Conhecimentos em modelos preditivos e machine learning.","Sobre a vaga
Responsabilidades:
Coletar, organizar, tratar e interpretar grandes volumes de dados provenientes de diferentes fontes internas e externas;

Desenvolver e manter dashboards e relatórios interativos (Power BI, Tableau ou similares);

Criar e manter rotinas de extração e análise de dados (SQL, Python, etc.);

Realizar análises estatísticas e estudos preditivos que apoiem estratégias de negócio;

Apoiar as áreas na definição de indicadores de desempenho (KPIs) e na análise de resultados;

Garantir a integridade, qualidade e segurança dos dados utilizados;

Automatizar processos de análise e geração de relatórios;

Trabalhar de forma integrada com equipes de TI, Marketing, Comercial, Operações e outras áreas estratégicas. Formação:

Ensino superior completo em Estatística, Ciência de Dados, Engenharia, Matemática, Sistemas de Informação ou áreas correlatas.

Conhecimentos Técnicos:

Domínio em ferramentas de visualização de dados (Power BI, Tableau, Looker, etc.);

Conhecimento avançado em SQL e manipulação de bancos de dados relacionais e não relacionais;

Linguagens de programação voltadas à análise de dados (Python, R);

Excel avançado;

Familiaridade com conceitos de Data Warehouse, ETL e Big Data será um diferencial.

Desejável:

Experiência com plataformas de CRM e ERP;

Conhecimentos em modelos preditivos e machine learning.
compartilhar
Benefícios
Assistência Médica / Medicina em grupo, Assistência Odontológica, Tíquete Refeição, Tíquete Alimentação, Vale Transporte
Horário
Segunda a sexta 08:00 18:00
Regime de Contratação
CLT (Efetivo)
Dados da Empresa
CANAÃ TELECOM
Somos uma das melhores empresas de telecomunicações do centro oeste. Buscando sempre a excelência no atendimento de nossos clientes.
Somos uma das melhores empresas de telecomunicações do centro oeste. Buscando sempre a excelência no atendimento de nossos clientes.
Nacionalidade e Porte:
Nacional de
    pequeno porte com 51 funcionários.
Ramo:
Telecomunicações
SITE:
www.canaatelecom.com.br
Denunciar esta vaga",Informatica,Assistência Médica; Assistência Odontológica; Tíquete Refeição; Tíquete Alimentação; Vale Transporte,Segunda a sexta 08:00 18:00,CLT (Efetivo),,
catho,Sobre a vaga,https://www.catho.com.br/vagas/analista-de-projetos/33104442/,,,,"Análise de Viabilidade: Analisar a viabilidade técnica, legal e urbanística de novas áreas para desenvolvimento de loteamentos, incluindo estudos topográficos, geotécnicos e ambientais preliminares; Desenvolvimento de Projetos: Elaborar e/ou acompanhar o desenvolvimento de projetos de urbanismo (traçado viário, lotes, áreas verdes e institucionais), infraestrutura (terraplenagem, pavimentação, drenagem, redes de água e esgoto, iluminação pública) e paisagismo, em conformidade com as diretrizes da empresa e legislações aplicáveis; Gestão de Documentação: Organizar, controlar e manter atualizada toda a documentação técnica dos projetos,; Interação com Órgãos Públicos: Atuar ativamente na interface com órgãos públicos (prefeituras, secretarias de meio ambiente, distribuidoras de serviços públicos, etc.) para protocolo, acompanhamento e aprovação de projetos. - Análise de Legislação: Manter-se atualizado sobre a legislação urbanística, ambiental e de construção civil aplicável a loteamentos, identificando impactos e oportunidades para os projetos; Suporte Técnico: Prestar suporte técnico às equipes de obra, vendas e marketing, esclarecendo dúvidas relacionadas aos projetos e auxiliando na solução de problemas; Orçamento e Cronograma: Colaborar na elaboração e acompanhamento de orçamentos e cronogramas das etapas de projeto e licenciamento; Familiaridade com processos de licenciamento e aprovação junto a órgãos públicos; Noções de topografia, geotecnia e infraestrutura; Proatividade e senso de organização; Excelente comunicação interpessoal e capacidade de negociação; Visão sistêmica e analítica; Habilidade para trabalhar em equipe e lidar com múltiplos projetos simultaneamente; Foco em resultados e cumprimento de prazos; Pós-graduação em Gestão de Projetos, Urbanismo ou Engenharia Sanitária/Ambiental",CASA & TERRA EMPREENDIMENTOS,,,"Contratação e Gestão de Terceiros: Apoiar na contratação e gestão de consultores e projetistas externos, quando necessário Requisitos: Formação Acadêmica: Superior completo em Engenharia Civil ou Arquitetura e Urbanismo; Conhecimento avançado em legislação urbanística (Plano Diretor, Lei de Parcelamento do Solo), ambiental e normas; Experiência com softwares BIM; Conhecimento em processos de regularização fundiária; Experiência Profissional: Sólida experiência em desenvolvimento e aprovação de projetos de loteamentos, preferencialmente em empresas do setor.; Conhecimentos Técnicos:","Sobre a vaga
Principais Responsabilidades:

-Análise de Viabilidade: Analisar a viabilidade técnica, legal e urbanística de novas áreas para desenvolvimento de loteamentos, incluindo estudos topográficos, geotécnicos e ambientais preliminares

- Desenvolvimento de Projetos: Elaborar e/ou acompanhar o desenvolvimento de projetos de urbanismo (traçado viário, lotes, áreas verdes e institucionais), infraestrutura (terraplenagem, pavimentação, drenagem, redes de água e esgoto, iluminação pública) e paisagismo, em conformidade com as diretrizes da empresa e legislações aplicáveis.

- Gestão de Documentação: Organizar, controlar e manter atualizada toda a documentação técnica dos projetos,

incluindo plantas, memoriais descritivos, ARTS/RRTs e licenças.

- Interação com Órgãos Públicos: Atuar ativamente na interface com órgãos públicos (prefeituras, secretarias de meio ambiente, distribuidoras de serviços públicos, etc.) para protocolo, acompanhamento e aprovação de projetos. - Análise de Legislação: Manter-se atualizado sobre a legislação urbanística, ambiental e de construção civil aplicável a loteamentos, identificando impactos e oportunidades para os projetos.

- Suporte Técnico: Prestar suporte técnico às equipes de obra, vendas e marketing, esclarecendo dúvidas relacionadas aos projetos e auxiliando na solução de problemas

- Orçamento e Cronograma: Colaborar na elaboração e acompanhamento de orçamentos e cronogramas das etapas de projeto e licenciamento.

- Contratação e Gestão de Terceiros: Apoiar na contratação e gestão de consultores e projetistas externos, quando necessário Requisitos: Formação Acadêmica: Superior completo em Engenharia Civil ou Arquitetura e Urbanismo.

Experiência Profissional: Sólida experiência em desenvolvimento e aprovação de projetos de loteamentos, preferencialmente em empresas do setor.

Conhecimentos Técnicos:

Domínio de softwares de CAD (AutoCAD, Civil 3D ou similares).

- Conhecimento avançado em legislação urbanística (Plano Diretor, Lei de Parcelamento do Solo), ambiental e normas

técnicas aplicáveis.

- Familiaridade com processos de licenciamento e aprovação junto a órgãos públicos.

- Noções de topografia, geotecnia e infraestrutura.

Habilidades Comportamentais:

- Proatividade e senso de organização.

- Excelente comunicação interpessoal e capacidade de negociação.

- Visão sistêmica e analítica.

- Habilidade para trabalhar em equipe e lidar com múltiplos projetos simultaneamente.

- Foco em resultados e cumprimento de prazos.

Diferenciais:

- Pós-graduação em Gestão de Projetos, Urbanismo ou Engenharia Sanitária/Ambiental

- Experiência com softwares BIM.

- Conhecimento em processos de regularização fundiária.
compartilhar
Horário
2ª a 6ª de 8h às 18h
Regime de Contratação
Prestador de serviços (PJ)
Dados da Empresa
CASA & TERRA EMPREENDIMENTOS
Loteamento e engenharia.
Loteamento e engenharia.
Nacionalidade e Porte:
Nacional de
    médio porte com 250 funcionários.
Ramo:
Incorporadora
SITE:
www.casaeterra.com
Denunciar esta vaga",Informatica,,2ª a 6ª de 8h às 18h,Prestador de serviços (PJ),,
catho,Sobre a vaga,https://www.catho.com.br/vagas/assistente-de-ti/32756637/,,funções e atividades correlatas a - TI,,,GRUPO NASA,,,,"Sobre a vaga
Configuração de hardware e software, cabeamento de tel/internet, atendimentos de chamados, criação de acessos, funções e atividades correlatas a TI. Experiência na área, ensino superior.
compartilhar
Benefícios
Assistência Médica / Medicina em grupo, Assistência Odontológica, Estacionamento, Restaurante na empresa, Vale Transporte
Horário
Seg/sexta-feira de 08h às 18h, sábado de 08h às 12h.
Regime de Contratação
CLT (Efetivo)
Dados da Empresa
GRUPO NASA
Administração de consórcios em geral, comércio de automóveis e peças e serviços para veículos automotores.
Administração de consórcios em geral, comércio de automóveis e peças e serviços para veículos automotores.
Nacionalidade e Porte:
Nacional de
    médio porte com 474 funcionários.
Ramo:
Concessionárias / Auto Peças
SITE:
www.gruponasa.com.br
Denunciar esta vaga",Informatica,Assistência Médica; Assistência Odontológica; Estacionamento; Restaurante na empresa; Vale Transporte,"Seg/sexta-feira de 08h às 18h, sábado de 08h às 12h.",CLT (Efetivo),,
catho,Sobre a vaga,https://www.catho.com.br/vagas/tecnico-de-suporte-de-tecnologia-da-informacao/33210538/,,TÉCNICO DE SUPORTE AO USUÁRIO DE TECNOLOGIA - DA,"R$1.597,87","Treinamento ITIL, versão 4 ou mais atual, com carga horária mínima de 24h (vinte e quatro) horas; Prestar atendimento inicial (nível 1) aos usuários de TI, com resolução de incidentes de baixa e média complexidade; Realizar suporte técnico local e remoto a hardware, software padrão, microinformática e plataforma Office 365; Utilizar scripts e procedimentos padronizados para atendimento e solução de problemas técnicos; Intervir remotamente nos dispositivos dos usuários, quando autorizado; Realizar instalação, configuração, atualização e manutenção de equipamentos e softwares homologados; Registrar, classificar, priorizar, reclassificar e acompanhar chamados via telefone, e-mail, chat ou sistema; Diagnosticar e tentar resolver de forma imediata os incidentes reportados; Encaminhar e acompanhar solicitações para níveis superiores (N2, N3) quando necessário; Monitorar prazos e satisfação dos usuários, garantindo o cumprimento dos SLAs; Ser o ponto único de contato para usuários internos e externos de TI; Esclarecer dúvidas e orientar sobre serviços contratados, sistemas da CLDF e questões de microinformática; Manter os usuários informados sobre o status de suas solicitações; Apoiar o atendimento a Deputados, servidores, estagiários, terceirizados e demais colaboradores; Documentar todos os atendimentos e respectivas soluções com clareza e objetividade",ILHA SERVICE,,remoto,"Certificado de curso Microsoft 365 Certified: Fundamentals (ou equivalente), com no mínimo 08 horas de duração; Certificado de curso de no mínimo 20 horas no Microsoft Windows 10 ou superior; Certificado de curso Microsoft MD-102: Endpoint Acministrator (ou equivalente), com no mínimo 15 (quinze) horas de duração; Certificado de curso da língua portuguesa, com carga horária mínima de 20 (vinte) horas; Certificado de curso HDI Customer Service Representative (ou equivalente), com no mínimo 8 (oito) horas de duração; Certificado de curso HDI KCS FOUNDATION (ou equivalente), com no mínimo 8 (oito) horas de duração; Alimentar e manter atualizada a Base de Conhecimento de TI da CLDF e demais atribuições inerentes a função; Conhecimento avançado em Informática;; Inglês básico/técnico;; Experiência mínima de 03 anos comprovados na área;; CONHECIMENTOS ESPECÍFICOS NECESSÁRIOS:; Conhecimentos nos produtos do Microsoft 365 (Teams, Office 365, OneDrive, entre outros);; Conhecimento em operação de microcomputadores, com utilização de softwares de automação de escritório;; Conhecimento de redes de computadores, com e sem fio, bem como do protocolo TCP/IP;","Sobre a vaga
TÉCNICO DE SUPORTE AO USUÁRIO DE TECNOLOGIA DA INFORMAÇÃO - N1

Vaga: FIXA.
Vínculo: CLT.
Modelo: 100% presencial.
Escala: Segunda a sexta-feira.
Carga horária: 09:00 às 19:00 (podendo ser alterado a critério da empresa ou do cliente).
Endereço de prestação de serviço: CÂMARA LEGISLATIVA DO DISTRITO FEDERAL com sede no Eixo Monumental, Praça Municipal, Quadra 02, Lote 05, Térreo Inferior. 

REQUISITOS OBRIGATÓRIOS:
Curso Técnico completo na área de TI  ou ensino superior completo TI;
Conhecimento avançado em Informática;
Inglês básico/técnico;
Experiência mínima de 03 anos comprovados na área;

CERTIFICADOS E CERTIFICAÇÕES OBRIGATÓRIAS:
- Certificado de curso Microsoft 365 Certified: Fundamentals (ou equivalente), com no mínimo 08 horas de duração;
- Certificado de curso de no mínimo 20 horas no Microsoft Windows 10 ou superior;
- Certificado de curso Microsoft MD-102: Endpoint Acministrator (ou equivalente), com no mínimo 15 (quinze) horas de duração;
- Certificado de curso da língua portuguesa, com carga horária mínima de 20 (vinte) horas;
- Certificado de curso HDI Customer Service Representative (ou equivalente), com no mínimo 8 (oito) horas de duração;
- Certificado de curso HDI KCS FOUNDATION (ou equivalente), com no mínimo 8 (oito) horas de duração
- Treinamento ITIL, versão 4 ou mais atual, com carga horária mínima de 24h (vinte e quatro) horas;

CONHECIMENTOS ESPECÍFICOS NECESSÁRIOS:
Conhecimentos nos produtos do Microsoft 365 (Teams, Office 365, OneDrive, entre outros);
Conhecimento em operação de microcomputadores, com utilização de softwares de automação de escritório;
Conhecimento de redes de computadores, com e sem fio, bem como do protocolo TCP/IP;
Possui sólidos conhecimentos em hardware, software, atualizações, instalação e configurações diversas, para os sistemas operacionais Windows 7, 8, 10, 11 e Pacotes Office 2013, 2016, 2019, 365 e superiores.

RESPONSABILIDADES/RESUMO TÉCNICO:
- Prestar atendimento inicial (nível 1) aos usuários de TI, com resolução de incidentes de baixa e média complexidade.
- Realizar suporte técnico local e remoto a hardware, software padrão, microinformática e plataforma Office 365.
- Utilizar scripts e procedimentos padronizados para atendimento e solução de problemas técnicos.
- Intervir remotamente nos dispositivos dos usuários, quando autorizado.
- Realizar instalação, configuração, atualização e manutenção de equipamentos e softwares homologados.
- Registrar, classificar, priorizar, reclassificar e acompanhar chamados via telefone, e-mail, chat ou sistema.
- Diagnosticar e tentar resolver de forma imediata os incidentes reportados.
- Encaminhar e acompanhar solicitações para níveis superiores (N2, N3) quando necessário.
- Monitorar prazos e satisfação dos usuários, garantindo o cumprimento dos SLAs.
- Ser o ponto único de contato para usuários internos e externos de TI.
- Esclarecer dúvidas e orientar sobre serviços contratados, sistemas da CLDF e questões de microinformática.
- Manter os usuários informados sobre o status de suas solicitações.
- Apoiar o atendimento a Deputados, servidores, estagiários, terceirizados e demais colaboradores.
- Documentar todos os atendimentos e respectivas soluções com clareza e objetividade.
- Alimentar e manter atualizada a Base de Conhecimento de TI da CLDF e demais atribuições inerentes a função.

O QUE OFERECEMOS:
Salário: R$1.597,87
Vale alimentação: R$37,00(sem desconto);
Vale-transporte (6% de desconto, caso utilize);
Convênio com o SESC;
Seguro de Vida;
Plano de saúde (R$184,85 sem desconto do empregado).
compartilhar
Benefícios
Assistência Médica / Medicina em grupo, Tíquete Alimentação, Vale Transporte
Regime de Contratação
CLT (Efetivo)
Dados da Empresa
ILHA SERVICE
Indústria, comércio e manutenção de equipamentos de informática.
Indústria, comércio e manutenção de equipamentos de informática.
Nacionalidade e Porte:
Nacional de
    pequeno porte com 80 funcionários.
Ramo:
Informática
SITE:
www.ilhaservice.com.br
Denunciar esta vaga",Informatica,Assistência Médica; Tíquete Alimentação; Vale Transporte,,CLT (Efetivo),,
catho,Sobre a vaga,https://www.catho.com.br/vagas/assistente-de-monitoramento-noc-nivel-1/32480788/,,roteadores - TP,,,REITEC TELECOM,,remoto,Conhecimento em sistemas de monitoramento de redes; Conhecimento em protocolos de comunicação de rede,"Sobre a vaga
Atendimento a clientes prestando suporte nível N1; - Registrar, analisar e solucionar ocorrências de falhas e acompanhar a resolução de incidentes. - Acompanhar e interagir com atendimentos telefônicos, solicitações internas e evoluções de O.S; - Prestar suporte interno e externo a clientes da empresa quando solicitado ou necessário; - Monitorar o desempenho de sistemas, enlaces e componentes da infraestrutura a fim de identificar erros e indisponibilidades no ambiente. - Geração de relatórios gerenciais de acompanhamentos de atividades.
Necessário Ensino Superior nas seguintes áreas: Rede de Computadores, Sistemas de Informação, Ciências da computação ou similares. - Experiência em atividades de NOC/Suporte técnico; - Experiência com atendimento técnico remoto ao cliente; - Disponibilidade e flexibilidade de horários para atendimentos emergenciais; - Configuração de equipamentos de rede (roteadores TP-link, Mikrotik, ONU Huawei, ZTE); - Noções de configurações de roteadores WiFi e rede Mesh; - Noções básicas de redes de computadores (endereçamento IP, mascara e DNS); - Desejável conhecimento em sistemas de monitoramento (Zabbix e Grafana). - Conhecimento básico em telefonia (SIP) - Bom relacionamento interpessoal com os colaboradores; - Disciplina, disponibilidade, responsabilidade, proatividade e comprometimento. - Próatividade. Experiência prévia em monitoramento de redes
Conhecimento em sistemas de monitoramento de redes
Habilidade em identificar e solucionar problemas de rede
Formação em Tecnologia da Informação ou áreas relacionadas
Certificações em redes de computadores
Conhecimento em protocolos de comunicação de rede
compartilhar
Benefícios
Assistência Médica / Medicina em grupo, Assistência Odontológica, Seguro de Vida em Grupo, Tíquete Refeição, Tíquete Alimentação, Vale Transporte
Regime de Contratação
CLT (Efetivo)
Dados da Empresa
REITEC TELECOM
Provedor de Internet com serviços corporativos.
Provedor de Internet com serviços corporativos.
Nacionalidade e Porte:
Nacional de
    pequeno porte com 30 funcionários.
Ramo:
Telecomunicações
SITE:
www.reitec.net.br
Denunciar esta vaga",Informatica,Assistência Médica; Assistência Odontológica; Seguro de Vida em Grupo; Tíquete Refeição; Tíquete Alimentação; Vale Transporte,,CLT (Efetivo),,
catho,Sobre a vaga,https://www.catho.com.br/vagas/tecnico-de-suporte-de-ti-intermitente/33135292/,,TÉCNICO DE SUPORTE DE - TI,"R$ 100,00",,ILHA SERVICE,,remoto,Conhecimentos e Certificação necessárias:; Conhecimentos; Sistemas operacionais Windows (7 a 11) e Pacotes Office (2013 a 365); Inglês técnico básico,"Sobre a vaga
VAGA INTERMITENTE - TÉCNICO DE SUPORTE DE TI - NÍVEL 2

 Local: Setor de Administração Federal Sul  SAFS, 
Jornada de trabalho: ?07:00 às 22:00 de segunda à sexta-feira 

Como funciona o trabalho intermitente?
O profissional atua de forma esporádica, convocado conforme a necessidade da empresa, com acionamentos entre 7h e 22h, de segunda a sexta.
Contrato CLT: Recebe pelos dias trabalhados + 13º salário e férias.
Pagamento proporcional às horas trabalhadas no cliente.

O que buscamos:
Formação superior completa em TI
Mínimo 5 anos de experiência comprovada na área como Técnico de Suporte.  
Disponibilidade de viagem e horários (8h às 22h, seg. a sex.)

Conhecimentos e Certificação necessárias:

Certificados
Microsoft 365 Fundamentals (mín. 8h)
Windows 10 ou superior (mín. 20h)
Microsoft MD-102: Endpoint Administrator (mín. 15h)
Curso de língua portuguesa (mín. 20h)
HDI DAST e HDI KCS Foundation (mín. 8h)
Treinamento em ITIL v4 ou superior (mín. 24h)
Curso de montagem/configuração de microcomputadores (mín. 20h)

Conhecimentos
Produtos Microsoft 365 (Teams, OneDrive, Office 365 etc.)
Cabeamento estruturado e redes (TCP/IP, com e sem fio)
Sistemas operacionais Windows (7 a 11) e Pacotes Office (2013 a 365)
Operação/manutenção de hardware e software de microcomputadores
Inglês técnico básico

**Observação: Documentação pode ser entregue em até 90 dias após a contratação.**

Responsabilidades:
Na CNMP, participará das Sessões Ordinárias.
No CL/DF, atendimento de chamados de Nível 2 (CSTI-N2), escalonados pelo N1.
Suporte técnico presencial e remoto em hardware, software, rede e conectividade.
Apoio a eventos internos e externos, inclusive fora do expediente.
Instalação, manutenção, configuração e homologação de equipamentos e softwares.
Atendimento a deputados, servidores, estagiários e terceiros da CLDF.
Criação e manutenção da base de conhecimento e uso de scripts padronizados.
Gestão e uso da ferramenta de gerenciamento de serviços de TI.
Documentação completa de atendimentos, soluções e ambiente tecnológico.
Suporte em Office 365, orientação aos usuários e monitoramento proativo.

O que oferecemos:
Salário: R$ 8,18/hora trabalhada
Bônus por acionamento: R$ 100,00 por acionamento atendido (até 10/mês, mais horas proporcionais)
Benefícios:
Vale Alimentação: R$ 37,00/dia trabalhado
Vale Transporte
 Seguro de Vida
Convênio SESC

Você se encaixa no perfil?
compartilhar
Regime de Contratação
CLT (Efetivo)
Dados da Empresa
ILHA SERVICE
Indústria, comércio e manutenção de equipamentos de informática.
Indústria, comércio e manutenção de equipamentos de informática.
Nacionalidade e Porte:
Nacional de
    pequeno porte com 80 funcionários.
Ramo:
Informática
SITE:
www.ilhaservice.com.br
Denunciar esta vaga",Informatica,,,CLT (Efetivo),,
catho,Sobre a vaga,https://www.catho.com.br/vagas/desenvolvedora-junior-php/31593196/,,ou - JS,,,FÁBRICA DE IDÉIAS,,híbrido,"Conhecimento em PHP, HTML, CSS e JavaScript.; Conhecimento em Orientação objeto.; Experiência com MySQL e bancos de dados relacionais.; Conhecimento em Python.; Conhecimento em Linux.; Experiência com APIs.","Sobre a vaga
Área e especialização profissional: Informática, TI, Telecomunicações - Programador / Desenvolvedor
Modelo de Trabalho: Híbrido
Estamos buscando um(a) Desenvolvedor(a) Júnior para integrar nosso time e trabalhar com tecnologias como PHP, HTML, CSS, JavaScript (Vue.js) e MySQL. Você fará parte de um time dinâmico, trabalhando tanto em projetos novos quanto na manutenção e evolução de sistemas legados. Ideal para quem gosta de desafios técnicos e não tem receio de mergulhar em código legado para melhorá-lo.
 Área e especialização profissional: Informática, TI, Telecomunicações - Programador / Desenvolvedor
Conhecimento em PHP, HTML, CSS e JavaScript.
Conhecimento em Orientação objeto.
Familiaridade com Vue.js (ou disposição para aprender).
Experiência com MySQL e bancos de dados relacionais.
Noções de Git para versionamento de código.
Capacidade de trabalhar em equipe e seguir boas práticas de desenvolvimento.
Diferenciais:
Conhecimento em Python.
Conhecimento em Linux.
Familiaridade com frameworks PHP (Laravel, Symfony, etc.) ou JS (React, Angular, etc.)
Noções de autogerenciamento e metodologias ágeis.
Experiência com APIs.
compartilhar
Benefícios
Assistência Médica / Medicina em grupo, Tíquete Alimentação
Horário
Segunda a Sexta 08h às 17h
Regime de Contratação
CLT (Efetivo)
Dados da Empresa
FÁBRICA DE IDÉIAS
Desenvolvimento de sistemas de informática e eletrônicos.
Desenvolvimento de sistemas de informática e eletrônicos.
Nacionalidade e Porte:
Nacional de
    pequeno porte com 60 funcionários.
Ramo:
Informática
SITE:
www.fabricadeideias.com
Denunciar esta vaga",Informatica,Assistência Médica; Tíquete Alimentação,Segunda a Sexta 08h às 17h,CLT (Efetivo),,
catho,Sobre a vaga,https://www.catho.com.br/vagas/trabalhe-de-casa-jovens-desenvolvedores-jr-para-pesquisa-and-desenvolvimento/33294839/,,Belo Horizonte - MG,,"Participar de uma gama diversificada de projetos para todas as áreas dentro da empresa; Fornecer apoio para diferentes necessidades dentro das equipes da BairesDev; Analisar e melhorar os processos transversais da empresa; Projetar e executar planos de otimização; Entre 20 e 26 anos de idade; Estudantes avançados ou recém-formados das carreiras descritas acima; Excelentes habilidades de comunicação e relacionamento interpessoal; Capacidade analítica verificável e atenção marcada aos detalhes; Grande capacidade de autogestão e de priorização eficaz em um ambiente dinâmico; Modalidade 100% remota - trabalhe de qualquer lugar; Excelente remuneração em USD ou na sua moeda local, como preferir; Hardware para você trabalhar de casa; Horários flexíveis - faça seu próprio horário; Licença parental remunerada, férias, e feriados nacionais; Ambiente de trabalho inovador e multicultural; Colabore e aprenda com o Top 1% global dos talentos de cada área; Ambiente de apoio com mentoria, promoções, desenvolvimento de habilidades, e diversas oportunidades de crescimento",BAIRESDEV,,,Experiência trabalhando em alguma área relacionada à sua carreira; Nível avançado de inglês; Inglês - Fluente,"Sobre a vaga
Há mais de 15 anos, a BairesDev® é líder em projetos tecnológicos. Entregamos soluções inovadoras para gigantes como Google e Rolls-Royce e as startups mais inovadoras do Vale do Silício.

Temos uma equipe diversa de mais de 4.000 profissionais formada pelo Top 1% dos talentos de tecnologia do mundo, trabalhando remotamente em cargos de impacto global.

Ao se candidatar para este cargo, você está dando o primeiro passo em um processo que vai além do comum. Nosso objetivo é alinhar suas paixões, habilidades, e expectativas às nossas vagas, colocando você no caminho para desenvolver uma carreira de sucesso excepcional.

Estamos incorporando os Jovens Profissionais dos cursos de engenharia em Sistemas, Licenciatura Em Sistemas e carreiras relacionadas para juntar-se à nossa equipe na área de Pesquisa e Desenvolvimento. Estamos à procura de pessoas pró-ativas, dinâmicas e com grande capacidade organizacional, acostumadas a lidar com múltiplas tarefas e com marcada atenção aos detalhes. É uma excelente oportunidade para aqueles profissionais que procuram se desenvolver em uma das empresas que mais crescem no setor!

O que você vai fazer:

- Participar de uma gama diversificada de projetos para todas as áreas dentro da empresa.
- Fornecer apoio para diferentes necessidades dentro das equipes da BairesDev.
- Analisar e melhorar os processos transversais da empresa.
- Projetar e executar planos de otimização.
 - Entre 20 e 26 anos de idade.
- Estudantes avançados ou recém-formados das carreiras descritas acima.
- Experiência trabalhando em alguma área relacionada à sua carreira.
- Excelentes habilidades de comunicação e relacionamento interpessoal.
- Capacidade analítica verificável e atenção marcada aos detalhes.
- Grande capacidade de autogestão e de priorização eficaz em um ambiente dinâmico.
- Nível avançado de inglês.

O que oferecemos:  

- Modalidade 100% remota - trabalhe de qualquer lugar.
- Excelente remuneração em USD ou na sua moeda local, como preferir.
- Hardware para você trabalhar de casa.
- Horários flexíveis - faça seu próprio horário.
- Licença parental remunerada, férias, e feriados nacionais.
- Ambiente de trabalho inovador e multicultural.
- Colabore e aprenda com o Top 1% global dos talentos de cada área.
- Ambiente de apoio com mentoria, promoções, desenvolvimento de habilidades, e diversas oportunidades de crescimento.

Junte-se a uma equipe global onde seus talentos excepcionais podem se destacar!
Idioma:
Inglês - Fluente
compartilhar
Horário
Remote Work
Dados da Empresa
BAIRESDEV
Consultoria em recursos humanos.
Consultoria em recursos humanos.
Nacionalidade e Porte:
Multinacional de
    pequeno porte com 10 funcionários.
Ramo:
Recursos Humanos
Dados da Anunciante
Consultoria em recursos humanos.
Belo Horizonte/MG
Consultoria em recursos humanos.
Belo Horizonte/MG",Informatica,,Remote Work,,,
catho,Sobre a vaga,https://www.catho.com.br/vagas/trabalhe-de-casa-desenvolvedor-junior-midlevel-java/33292428/,,Conhecimento em infraestrutura de - TI,,"Trabalhar com equipes de desenvolvimento de software para coletar requisitos e garantir a adesão das melhores práticas; Projetar, implementar e dar suporte a soluções para desenvolvimento de aplicativos, segurança, análise e gerenciamento de desempenho; Em conformidade com os padrões de codificação de segurança existentes do setor e da Verizon, aderindo aos requisitos de revisão de verificação e outros requisitos de ferramentas de segurança; Executar scripts de teste em relação ao código para garantir a entrega de qualidade; Resolver problemas de código com urgência. Esperamos que você tenha:; Gestão de metodologias ágeis intermediárias; Forte compreensão das melhores práticas, princípios SOLID, CLEAN Code e soluções escaláveis; Modalidade 100% remota - trabalhe de qualquer lugar; Excelente remuneração em USD ou na sua moeda local, como preferir; Hardware para você trabalhar de casa; Horários flexíveis - faça seu próprio horário; Licença parental remunerada, férias, e feriados nacionais; Ambiente de trabalho inovador e multicultural; Colabore e aprenda com o Top 1% global dos talentos de cada área; Ambiente de apoio com mentoria, promoções, desenvolvimento de habilidades, e diversas oportunidades de crescimento",BAIRESDEV,,,Experiência em Java; Experiência com bancos de dados SQL e NoSQL; Experiência com Microsserviços e Cloud; Conhecimento avançado de algoritmos; Conhecimento em infraestrutura de TI; Conhecimento em Design Patterns; Experiência no desenvolvimento de aplicativos inteiros do zero; Experiência em testes automatizados e pipelines de CI/CD; Forte experiência com controle de versão; Nível avançado de inglês; Inglês - Fluente,"Sobre a vaga
Há mais de 15 anos, a BairesDev® é líder em projetos tecnológicos. Entregamos soluções inovadoras para gigantes como Google e Rolls-Royce e as startups mais inovadoras do Vale do Silício.

Temos uma equipe diversa de mais de 4.000 profissionais formada pelo Top 1% dos talentos de tecnologia do mundo, trabalhando remotamente em cargos de impacto global.

Ao se candidatar para este cargo, você está dando o primeiro passo em um processo que vai além do comum. Nosso objetivo é alinhar suas paixões, habilidades, e expectativas às nossas vagas, colocando você no caminho para desenvolver uma carreira de sucesso excepcional.

Ser um Desenvolvedor Junior/MidLevel Java em nossa equipe de desenvolvimento é como ser um solucionador de problemas em tempo integral. Esperamos que suas habilidades sejam uma combinação de experiência, conhecimento e independência. A inovação também está no centro da estratégia da BairesDev. Portanto, se você estava disposto a assumir as tarefas mais complexas e ser um mestre em sua tecnologia, Java, provavelmente é um dos que estamos procurando.

O que você vai fazer:

- Trabalhar com equipes de desenvolvimento de software para coletar requisitos e garantir a adesão das melhores práticas.
- Projetar, implementar e dar suporte a soluções para desenvolvimento de aplicativos, segurança, análise e gerenciamento de desempenho.
- Em conformidade com os padrões de codificação de segurança existentes do setor e da Verizon, aderindo aos requisitos de revisão de verificação e outros requisitos de ferramentas de segurança.
- Executar scripts de teste em relação ao código para garantir a entrega de qualidade.
- Resolver problemas de código com urgência. Esperamos que você tenha:

- Experiência em Java.
- Experiência com bancos de dados SQL e NoSQL.
- Experiência com Microsserviços e Cloud.
- Conhecimento avançado de algoritmos.
- Conhecimento em infraestrutura de TI.
- Gestão de metodologias ágeis intermediárias.
- Forte compreensão das melhores práticas, princípios SOLID, CLEAN Code e soluções escaláveis.
- Conhecimento em Design Patterns.
- Experiência no desenvolvimento de aplicativos inteiros do zero.
- Experiência em testes automatizados e pipelines de CI/CD.
- Forte experiência com controle de versão.
- Nível avançado de inglês.

O que oferecemos:  

- Modalidade 100% remota - trabalhe de qualquer lugar.
- Excelente remuneração em USD ou na sua moeda local, como preferir.
- Hardware para você trabalhar de casa.
- Horários flexíveis - faça seu próprio horário.
- Licença parental remunerada, férias, e feriados nacionais.
- Ambiente de trabalho inovador e multicultural.
- Colabore e aprenda com o Top 1% global dos talentos de cada área.
- Ambiente de apoio com mentoria, promoções, desenvolvimento de habilidades, e diversas oportunidades de crescimento.

Junte-se a uma equipe global onde seus talentos excepcionais podem se destacar!
Idioma:
Inglês - Fluente
compartilhar
Horário
Remote Work
Dados da Empresa
BAIRESDEV
Consultoria em recursos humanos.
Consultoria em recursos humanos.
Nacionalidade e Porte:
Multinacional de
    pequeno porte com 10 funcionários.
Ramo:
Recursos Humanos
Dados da Anunciante
Consultoria em recursos humanos.
Belo Horizonte/MG
Consultoria em recursos humanos.
Belo Horizonte/MG",Informatica,,Remote Work,,,
catho,Sobre a vaga,https://www.catho.com.br/vagas/trabalhe-de-casa-desenvolvedor-junior-midlevel-net-p-plus-d/33292170/,,Belo Horizonte - MG,,"Desenvolver serviços e APIs para o produto Degreed; Usar os princípios SOLID na criação de código de alta qualidade e de fácil manutenção; Colaborar com os proprietários do produto para garantir que os recursos/mudanças atendam aos requisitos comerciais e cumpram a estratégia Degreed; Trabalhar de perto com projetistas, UX e outros desenvolvedores para obter uma compreensão das novas características, dependências e detalhes técnicos; Outras funções conforme atribuídas. Esperamos que você tenha:; Modalidade 100% remota - trabalhe de qualquer lugar; Excelente remuneração em USD ou na sua moeda local, como preferir; Hardware para você trabalhar de casa; Horários flexíveis - faça seu próprio horário; Licença parental remunerada, férias, e feriados nacionais; Ambiente de trabalho inovador e multicultural; Colabore e aprenda com o Top 1% global dos talentos de cada área; Ambiente de apoio com mentoria, promoções, desenvolvimento de habilidades, e diversas oportunidades de crescimento",BAIRESDEV,,,"Experiência prática em projetos Web, C #, SQL Server; Experiência com frameworks HTML / CSS e Javascript; Experiência com MVC; Experiência em desenvolvimento com programação orientada a objetos é desejável; Nível avançado de inglês; Inglês - Fluente","Sobre a vaga
Há mais de 15 anos, a BairesDev® é líder em projetos tecnológicos. Entregamos soluções inovadoras para gigantes como Google e Rolls-Royce e as startups mais inovadoras do Vale do Silício.

Temos uma equipe diversa de mais de 4.000 profissionais formada pelo Top 1% dos talentos de tecnologia do mundo, trabalhando remotamente em cargos de impacto global.

Ao se candidatar para este cargo, você está dando o primeiro passo em um processo que vai além do comum. Nosso objetivo é alinhar suas paixões, habilidades, e expectativas às nossas vagas, colocando você no caminho para desenvolver uma carreira de sucesso excepcional.

Buscamos desenvolvedores Junior .NET de excelência para integrar a equipe de Pesquisa e Desenvolvimento (P&D) da BairesDev.
Nossa equipe de P&D é uma parte essencial de nossas soluções tecnológicas que impulsionam milhões em receitas a cada ano, por isso só contratamos os melhores dos melhores.
Dentro da equipe, você encontrará muitos desafios diferentes: análise de dados, aprendizado de máquinas, desktop e desenvolvimento web são alguns dos mais relevantes no momento, mas para impulsionar a inovação, você notará que coisas novas estão surgindo a cada dia!
A área de P&D é sem dúvida a área mais interessante e desafiadora de toda a empresa, e embora a BairesDev seja composta por pessoas realmente talentosas, em geral, aqui você encontrará profissionais com ampla experiência e também nível intelectual e criativo, muito acima da média.
Queremos que as pessoas aproveitem a viagem. Você está pronto?

O que você vai fazer:

- Desenvolver serviços e APIs para o produto Degreed.
- Usar os princípios SOLID na criação de código de alta qualidade e de fácil manutenção.
- Colaborar com os proprietários do produto para garantir que os recursos/mudanças atendam aos requisitos comerciais e cumpram a estratégia Degreed.
- Trabalhar de perto com projetistas, UX e outros desenvolvedores para obter uma compreensão das novas características, dependências e detalhes técnicos.
- Outras funções conforme atribuídas. Esperamos que você tenha:

- Experiência prática em projetos Web, C #, SQL Server.
- Experiência com frameworks HTML / CSS e Javascript.
- Experiência com MVC.
- Experiência em desenvolvimento com programação orientada a objetos é desejável.
- Nível avançado de inglês.

O que oferecemos:  

- Modalidade 100% remota - trabalhe de qualquer lugar.
- Excelente remuneração em USD ou na sua moeda local, como preferir.
- Hardware para você trabalhar de casa.
- Horários flexíveis - faça seu próprio horário.
- Licença parental remunerada, férias, e feriados nacionais.
- Ambiente de trabalho inovador e multicultural.
- Colabore e aprenda com o Top 1% global dos talentos de cada área.
- Ambiente de apoio com mentoria, promoções, desenvolvimento de habilidades, e diversas oportunidades de crescimento.

Junte-se a uma equipe global onde seus talentos excepcionais podem se destacar!
Idioma:
Inglês - Fluente
compartilhar
Horário
Remote Work
Dados da Empresa
BAIRESDEV
Consultoria em recursos humanos.
Consultoria em recursos humanos.
Nacionalidade e Porte:
Multinacional de
    pequeno porte com 10 funcionários.
Ramo:
Recursos Humanos
Dados da Anunciante
Consultoria em recursos humanos.
Belo Horizonte/MG
Consultoria em recursos humanos.
Belo Horizonte/MG",Informatica,,Remote Work,,,
catho,Sobre a vaga,https://www.catho.com.br/vagas/trabalhe-de-casa-desenvolvedor-junior-nodejs/33295054/,,Belo Horizonte - MG,,"Desenvolver e manter aplicativos Node.js, com foco na criação de funcionalidades back-end eficientes; Trabalhar na integração de elementos voltados para o usuário com a lógica server-side, colaborando com desenvolvedores front-end; Solucionar problemas e depurar aplicações, contribuindo para a melhoria do desempenho; Participar de revisões de código para aprender e manter altos padrões de qualidade; Estar a par das tendências em Node.js e outras tecnologias relacionadas, entendendo sua aplicação em projetos de desenvolvimento; Participar ativamente de reuniões de equipe e contribuir com ideias para melhorar o desenvolvimento do projeto e a colaboração da equipe. Esperamos que você tenha:; Bom entendimento sobre algoritmos básicos e estruturas de dados; Capacidade de resolver problemas com eficácia e aprender novas tecnologias rapidamente; Modalidade 100% remota - trabalhe de qualquer lugar; Excelente remuneração em USD ou na sua moeda local, como preferir; Hardware para você trabalhar de casa; Horários flexíveis - faça seu próprio horário; Licença parental remunerada, férias, e feriados nacionais; Ambiente de trabalho inovador e multicultural; Colabore e aprenda com o Top 1% global dos talentos de cada área; Ambiente de apoio com mentoria, promoções, desenvolvimento de habilidades, e diversas oportunidades de crescimento",BAIRESDEV,,,"1+ ano de experiência com Node.js; Conhecimento básico sobre sistemas de controle de versão, preferencialmente Git; Bom nível de inglês; Inglês - Fluente","Sobre a vaga
Há mais de 15 anos, a BairesDev® é líder em projetos tecnológicos. Entregamos soluções inovadoras para gigantes como Google e Rolls-Royce e as startups mais inovadoras do Vale do Silício.

Temos uma equipe diversa de mais de 4.000 profissionais formada pelo Top 1% dos talentos de tecnologia do mundo, trabalhando remotamente em cargos de impacto global.

Ao se candidatar para este cargo, você está dando o primeiro passo em um processo que vai além do comum. Nosso objetivo é alinhar suas paixões, habilidades, e expectativas às nossas vagas, colocando você no caminho para desenvolver uma carreira de sucesso excepcional.

Seja nosso novo Desenvolvedor Junior Node.js e aplique seus conhecimentos em JavaScript e Node.js para construir aplicações server-side eficientes. Essa função envolve o desenvolvimento de APIs, o trabalho com lógica server-side e o aprimoramento de suas habilidades de desenvolvimento back-end.

Suas atribuições:

- Desenvolver e manter aplicativos Node.js, com foco na criação de funcionalidades back-end eficientes.
- Trabalhar na integração de elementos voltados para o usuário com a lógica server-side, colaborando com desenvolvedores front-end.
- Solucionar problemas e depurar aplicações, contribuindo para a melhoria do desempenho.
- Participar de revisões de código para aprender e manter altos padrões de qualidade.
- Estar a par das tendências em Node.js e outras tecnologias relacionadas, entendendo sua aplicação em projetos de desenvolvimento.
- Participar ativamente de reuniões de equipe e contribuir com ideias para melhorar o desenvolvimento do projeto e a colaboração da equipe. Esperamos que você tenha:

- 1+ ano de experiência com Node.js.
- Bom entendimento sobre algoritmos básicos e estruturas de dados.
- Conhecimento básico sobre sistemas de controle de versão, preferencialmente Git.
- Capacidade de resolver problemas com eficácia e aprender novas tecnologias rapidamente.
- Bom nível de inglês.

O que oferecemos:  

- Modalidade 100% remota - trabalhe de qualquer lugar.
- Excelente remuneração em USD ou na sua moeda local, como preferir.
- Hardware para você trabalhar de casa.
- Horários flexíveis - faça seu próprio horário.
- Licença parental remunerada, férias, e feriados nacionais.
- Ambiente de trabalho inovador e multicultural.
- Colabore e aprenda com o Top 1% global dos talentos de cada área.
- Ambiente de apoio com mentoria, promoções, desenvolvimento de habilidades, e diversas oportunidades de crescimento.

Junte-se a uma equipe global onde seus talentos excepcionais podem se destacar!
Idioma:
Inglês - Fluente
compartilhar
Horário
Remote Work
Dados da Empresa
BAIRESDEV
Consultoria em recursos humanos.
Consultoria em recursos humanos.
Nacionalidade e Porte:
Multinacional de
    pequeno porte com 10 funcionários.
Ramo:
Recursos Humanos
Dados da Anunciante
Consultoria em recursos humanos.
Belo Horizonte/MG
Consultoria em recursos humanos.
Belo Horizonte/MG",Informatica,,Remote Work,,,
