titulo,empresa,localidade,modalidade,salario,habilidades,requisitos,descricao,publicada_em,setor,link
Assistente Administrativo Imobiliária,,,,,,,,,Administracao,https://www.catho.com.br/vagas/assistente-administrativo-imobiliaria/32313585/
Escriturário,,,,,,,,,Administracao,https://www.catho.com.br/vagas/escriturario/33270365/
Vendedor Externo,,,,,,,,,Administracao,https://www.catho.com.br/vagas/vendedor-externo/33264293/
Recepcionista,,,,,,,,,Administracao,https://www.catho.com.br/vagas/recepcionista/33267660/
Vendedor Externo - Brasília/DF,,Brasília,,,,,,,Administracao,https://www.catho.com.br/vagas/vendedor-externo-brasilia-df/33267593/
VENDEDOR SR. - BASE EM BRASÍLIA,,BRASÍLIA,,,,,,,Administracao,https://www.catho.com.br/vagas/vendedor-sr-base-em-brasilia/33240768/
Promotor de Vendas GOIÂNIA GO,,GOIÂNIA,,,,,,,Administracao,https://www.catho.com.br/vagas/promotor-de-vendas-goiania-go/33225407/
Promotor de Vendas BRASÍLIA DF,,BRASÍLIA,,,,,,,Administracao,https://www.catho.com.br/vagas/promotor-de-vendas-brasilia-df/33225413/
Estoquista - Grupo AZZAS,,,,,,,,,Administracao,https://www.catho.com.br/vagas/estoquista-grupo-azzas/33222334/
Recepcionista,,,,,,,,,Administracao,https://www.catho.com.br/vagas/recepcionista/32389728/
VENDEDOR - L'OCCITANE - BRASILÍA PARK SHOPPING,,,,,,,,,Administracao,https://www.catho.com.br/vagas/vendedor-loccitane-brasilia-park-shopping/32292237/
Vendedor loja chocolate,,,,,,,,,Administracao,https://www.catho.com.br/vagas/vendedor-loja-chocolate/32292430/
CONSULTOR DE VENDAS,,,,,,,,,Administracao,https://www.catho.com.br/vagas/consultor-de-vendas/33266971/
Recepcionista Administrativo,,,,,,,,,Administracao,https://www.catho.com.br/vagas/recepcionista-administrativo/33234952/
Auxiliar Administrativo Júnior,,,,,,,,,Administracao,https://www.catho.com.br/vagas/auxiliar-administrativo-junior/32187935/
Assistente Administrativo Imobiliária,,,,,,,,,Administracao,https://www.catho.com.br/vagas/assistente-administrativo-imobiliaria/32313585/
Escriturário,,,,,,,,,Administracao,https://www.catho.com.br/vagas/escriturario/33270365/
Vendedor Externo,,,,,,,,,Administracao,https://www.catho.com.br/vagas/vendedor-externo/33264293/
Recepcionista,,,,,,,,,Administracao,https://www.catho.com.br/vagas/recepcionista/33267660/
Vendedor Externo - Brasília/DF,,Brasília,,,,,,,Administracao,https://www.catho.com.br/vagas/vendedor-externo-brasilia-df/33267593/
VENDEDOR SR. - BASE EM BRASÍLIA,,BRASÍLIA,,,,,,,Administracao,https://www.catho.com.br/vagas/vendedor-sr-base-em-brasilia/33240768/
Promotor de Vendas GOIÂNIA GO,,GOIÂNIA,,,,,,,Administracao,https://www.catho.com.br/vagas/promotor-de-vendas-goiania-go/33225407/
Promotor de Vendas BRASÍLIA DF,,BRASÍLIA,,,,,,,Administracao,https://www.catho.com.br/vagas/promotor-de-vendas-brasilia-df/33225413/
Estoquista - Grupo AZZAS,,,,,,,,,Administracao,https://www.catho.com.br/vagas/estoquista-grupo-azzas/33222334/
Recepcionista,,,,,,,,,Administracao,https://www.catho.com.br/vagas/recepcionista/32389728/
VENDEDOR - L'OCCITANE - BRASILÍA PARK SHOPPING,,,,,,,,,Administracao,https://www.catho.com.br/vagas/vendedor-loccitane-brasilia-park-shopping/32292237/
Vendedor loja chocolate,,,,,,,,,Administracao,https://www.catho.com.br/vagas/vendedor-loja-chocolate/32292430/
CONSULTOR DE VENDAS,,,,,,,,,Administracao,https://www.catho.com.br/vagas/consultor-de-vendas/33266971/
Recepcionista Administrativo,,,,,,,,,Administracao,https://www.catho.com.br/vagas/recepcionista-administrativo/33234952/
Auxiliar Administrativo Júnior,,,,,,,,,Administracao,https://www.catho.com.br/vagas/auxiliar-administrativo-junior/32187935/
Auxiliar Pós Venda Energia Solar,,,,,,,,,Comercial e vendas,https://www.catho.com.br/vagas/auxiliar-pos-venda-energia-solar/32266793/
Vendedor Externo,,,,,,,,,Comercial e vendas,https://www.catho.com.br/vagas/vendedor-externo/33264293/
Vendedor Externo - Brasília/DF,,Brasília,,,,,,,Comercial e vendas,https://www.catho.com.br/vagas/vendedor-externo-brasilia-df/33267593/
VENDEDOR SR. - BASE EM BRASÍLIA,,BRASÍLIA,,,,,,,Comercial e vendas,https://www.catho.com.br/vagas/vendedor-sr-base-em-brasilia/33240768/
Promotor de Vendas BRASÍLIA DF,,BRASÍLIA,,,,,,,Comercial e vendas,https://www.catho.com.br/vagas/promotor-de-vendas-brasilia-df/33225413/
PROPAGANDISTA MÉDICO JUNIOR - DF,,DICO JUNIOR,,,,,,,Comercial e vendas,https://www.catho.com.br/vagas/propagandista-medico-junior-df/33225866/
Promotora Demonstradora Parttime / Setor Eletrobeleza,,,,,,,Promotora Demonstradora Parttime / Setor Eletrobeleza,,Comercial e vendas,https://www.catho.com.br/vagas/promotora-demonstradora-parttime-setor-eletrobeleza/33209180/
Gerente de Vendas Internas,,,,,,,,,Comercial e vendas,https://www.catho.com.br/vagas/gerente-de-vendas-internas/33212589/
Assistente de Loja - Decathlon - DF,,Decathlon,,,,,,,Comercial e vendas,https://www.catho.com.br/vagas/assistente-de-loja-decathlon-df/33207291/
VENDEDOR DE CHOCOLATE- FECHAMENTO,,,,,,,,,Comercial e vendas,https://www.catho.com.br/vagas/vendedor-de-chocolate-fechamento/33195164/
Vendedor (PCD),,,,,,,,,Comercial e vendas,https://www.catho.com.br/vagas/vendedor-pcd/33183776/
"Vendedor de Loja da Claro (Loja Própria) Brasília, DF",,lia,,,,,"Vendedor de Loja da Claro (Loja Própria) Brasília, DF",,Comercial e vendas,https://www.catho.com.br/vagas/vendedor-de-loja-da-claro-loja-propria-brasilia-df/33149208/
Promotor de vendas externo out,,,,,,,,,Comercial e vendas,https://www.catho.com.br/vagas/promotor-de-vendas-externo-out/33149137/
Vendedor,,,,,,,,,Comercial e vendas,https://www.catho.com.br/vagas/vendedor/33149920/
Vendedor - Aeroporto,,,,,,,,,Comercial e vendas,https://www.catho.com.br/vagas/vendedor-aeroporto/33149921/
Gerente Comercial Regional,,,,,,,,,Comercial e vendas,https://www.catho.com.br/vagas/gerente-comercial-regional/32480677/
Auxiliar Pós Venda Energia Solar,,,,,,,,,Comercial e vendas,https://www.catho.com.br/vagas/auxiliar-pos-venda-energia-solar/32266793/
"Gerente Comercial/Administrativo Júnior – Salão de Beleza (Brasília, DF)",,lia,,,,,"Gerente Comercial/Administrativo Júnior – Salão de Beleza (Brasília, DF)",,Comercial e vendas,https://www.catho.com.br/vagas/gerente-comercial-administrativo-junior-salao-de-beleza-brasilia-df/32774903/
Comercial - Pimentas Divulgação e Marketing,,Comercial,,,,,,,Comercial e vendas,https://www.catho.com.br/vagas/comercial-pimentas-divulgacao-e-marketing/32799900/
Analista CS,,,,,,,,,Comercial e vendas,https://www.catho.com.br/vagas/analista-cs/32508387/
Vendedor Externo,,,,,,,,,Comercial e vendas,https://www.catho.com.br/vagas/vendedor-externo/33264293/
Vendedor Externo - Brasília/DF,,Brasília,,,,,,,Comercial e vendas,https://www.catho.com.br/vagas/vendedor-externo-brasilia-df/33267593/
Promotor de Vendas GOIÂNIA GO,,GOIÂNIA,,,,,,,Comercial e vendas,https://www.catho.com.br/vagas/promotor-de-vendas-goiania-go/33225407/
Promotor de Vendas BRASÍLIA DF,,BRASÍLIA,,,,,,,Comercial e vendas,https://www.catho.com.br/vagas/promotor-de-vendas-brasilia-df/33225413/
PROPAGANDISTA MÉDICO JUNIOR - DF,,DICO JUNIOR,,,,,,,Comercial e vendas,https://www.catho.com.br/vagas/propagandista-medico-junior-df/33225866/
VENDEDOR(A) PL - BASE EM BRASÍLIA/DF,,PL,,,,,,,Comercial e vendas,https://www.catho.com.br/vagas/vendedora-pl-base-em-brasilia-df/33057326/
Operador de Supermercado - Sadia/Perdigão - Brasília,,Brasília,,,,,Operador de Supermercado - Sadia/Perdigão - Brasília,,Comercial e vendas,https://www.catho.com.br/vagas/operador-de-supermercado-sadia-perdigao-brasilia/32789792/
Vendedor,,,,,,,,,Comercial e vendas,https://www.catho.com.br/vagas/vendedor/32498972/
Consultora de Vendas para Instituto de Estética de Cursos Livres e Pós,Instituto de Estética de Cursos Livres e Pós,,,,,,Consultora de Vendas para Instituto de Estética de Cursos Livres e Pós,,Comercial e vendas,https://www.catho.com.br/vagas/consultora-de-vendas-para-instituto-de-estetica-de-cursos-livres-e-pos/32465774/
Vendedor(a) de loja com experiência em ótica e oftalmologia para empresa no Sudoeste,no Sudoeste,,,,,,Vendedor(a) de loja com experiência em ótica e oftalmologia para empresa no Sudoeste,,Comercial e vendas,https://www.catho.com.br/vagas/vendedora-de-loja-com-experiencia-em-otica-e-oftalmologia-para-empresa-no-sudoeste/32465601/
Auxiliar de Importação e Exportação,,,,,,,,,Comercio exterior,https://www.catho.com.br/vagas/auxiliar-de-importacao-e-exportacao/33200966/
ANALISTA DE IMPORTACAO PLENO,,,,,,,,,Comercio exterior,https://www.catho.com.br/vagas/analista-de-importacao-pleno/33140542/
Auxiliar de Importação (Desembaraço Aduaneiro),,,,,,,,,Comercio exterior,https://www.catho.com.br/vagas/auxiliar-de-importacao-desembaraco-aduaneiro/33041016/
Analista de Exportação,,,,,,,,,Comercio exterior,https://www.catho.com.br/vagas/analista-de-exportacao/32955928/
Analista de Comércio Exterior Júnior,,,,,,,,,Comercio exterior,https://www.catho.com.br/vagas/analista-de-comercio-exterior-junior/32756445/
Auxiliar de Comércio Exterior,,,,,,,,,Comercio exterior,https://www.catho.com.br/vagas/auxiliar-de-comercio-exterior/32756237/
Assistente de Comércio Exterior,,,,,,,,,Comercio exterior,https://www.catho.com.br/vagas/assistente-de-comercio-exterior/33191478/
Assistente de Comércio Exterior,,,,,,,,,Comercio exterior,https://www.catho.com.br/vagas/assistente-de-comercio-exterior/33177251/
Auxiliar de Importação e Exportação.,,,,,,,,,Comercio exterior,https://www.catho.com.br/vagas/auxiliar-de-importacao-e-exportacao/33183219/
Assistente de Comércio Exterior,,,,,,,,,Comercio exterior,https://www.catho.com.br/vagas/assistente-de-comercio-exterior/33088767/
Assistente de Importação,,,,,,,,,Comercio exterior,https://www.catho.com.br/vagas/assistente-de-importacao/33032568/
Auxiliar de Exportação,,,,,,,,,Comercio exterior,https://www.catho.com.br/vagas/auxiliar-de-exportacao/33032616/
Auxiliar de Comércio Exterior,,,,,,,,,Comercio exterior,https://www.catho.com.br/vagas/auxiliar-de-comercio-exterior/32848460/
Auxiliar de Importação e Exportação,,,,,,,,,Comercio exterior,https://www.catho.com.br/vagas/auxiliar-de-importacao-e-exportacao/32848364/
Assistente de Importação,,,,,,,,,Comercio exterior,https://www.catho.com.br/vagas/assistente-de-importacao/32842942/
Auxiliar de Importação e Exportação,,,,,,,,,Comercio exterior,https://www.catho.com.br/vagas/auxiliar-de-importacao-e-exportacao/33200966/
ANALISTA DE IMPORTACAO PLENO,,,,,,,,,Comercio exterior,https://www.catho.com.br/vagas/analista-de-importacao-pleno/33140542/
Auxiliar de Importação (Desembaraço Aduaneiro),,,,,,,,,Comercio exterior,https://www.catho.com.br/vagas/auxiliar-de-importacao-desembaraco-aduaneiro/33041016/
Analista de Exportação,,,,,,,,,Comercio exterior,https://www.catho.com.br/vagas/analista-de-exportacao/32955928/
Analista de Comércio Exterior Júnior,,,,,,,,,Comercio exterior,https://www.catho.com.br/vagas/analista-de-comercio-exterior-junior/32756445/
Auxiliar de Comércio Exterior,,,,,,,,,Comercio exterior,https://www.catho.com.br/vagas/auxiliar-de-comercio-exterior/32756237/
Assistente de Comércio Exterior,,,,,,,,,Comercio exterior,https://www.catho.com.br/vagas/assistente-de-comercio-exterior/33191478/
Assistente de Comércio Exterior,,,,,,,,,Comercio exterior,https://www.catho.com.br/vagas/assistente-de-comercio-exterior/33177251/
Auxiliar de Importação e Exportação.,,,,,,,,,Comercio exterior,https://www.catho.com.br/vagas/auxiliar-de-importacao-e-exportacao/33183219/
Assistente de Comércio Exterior,,,,,,,,,Comercio exterior,https://www.catho.com.br/vagas/assistente-de-comercio-exterior/33088767/
Assistente de Importação,,,,,,,,,Comercio exterior,https://www.catho.com.br/vagas/assistente-de-importacao/33032568/
Auxiliar de Exportação,,,,,,,,,Comercio exterior,https://www.catho.com.br/vagas/auxiliar-de-exportacao/33032616/
Auxiliar de Comércio Exterior,,,,,,,,,Comercio exterior,https://www.catho.com.br/vagas/auxiliar-de-comercio-exterior/32848460/
Auxiliar de Importação e Exportação,,,,,,,,,Comercio exterior,https://www.catho.com.br/vagas/auxiliar-de-importacao-e-exportacao/32848364/
Assistente de Importação,,,,,,,,,Comercio exterior,https://www.catho.com.br/vagas/assistente-de-importacao/32842942/
Instrutor de Treinamento,,,,,,,,,Educacao,https://www.catho.com.br/vagas/instrutor-de-treinamento/33200614/
Educador Físico,,,,,,,,,Educacao,https://www.catho.com.br/vagas/educador-fisico/32886012/
Monitora Escolar,,,,,,,,,Educacao,https://www.catho.com.br/vagas/monitora-escolar/32983853/
Professora jardim,,,,,,,,,Educacao,https://www.catho.com.br/vagas/professora-jardim/33206383/
Educador,,,,,,,,,Educacao,https://www.catho.com.br/vagas/educador/33137808/
PROFESSOR(A) DE HIDROESTIMULAÇÃO,,,,,,,,,Educacao,https://www.catho.com.br/vagas/professora-de-hidroestimulacao/32300778/
Educador Físico,,,,,,,,,Educacao,https://www.catho.com.br/vagas/educador-fisico/31511177/
monitor de alunos,,,,,,,,,Educacao,https://www.catho.com.br/vagas/monitor-de-alunos/32947931/
monitor de alunos,,,,,,,,,Educacao,https://www.catho.com.br/vagas/monitor-de-alunos/32947933/
Professora de Berçário,,,,,,,,,Educacao,https://www.catho.com.br/vagas/professora-de-bercario/33017801/
Professor de Inglês,,,,,,,,,Educacao,https://www.catho.com.br/vagas/professor-de-ingles/32600752/
Assistente de Coordenação Pedagógica,,,,,,,,,Educacao,https://www.catho.com.br/vagas/assistente-de-coordenacao-pedagogica/31866031/
Inspetor de Alunos (PCD),,,,,,,,,Educacao,https://www.catho.com.br/vagas/inspetor-de-alunos-pcd/33105404/
Auxiliar de Sala,,,,,,,,,Educacao,https://www.catho.com.br/vagas/auxiliar-de-sala/32476348/
Instrutor de Treinamento,,,,,,,,,Educacao,https://www.catho.com.br/vagas/instrutor-de-treinamento/33200614/
Educador Físico,,,,,,,,,Educacao,https://www.catho.com.br/vagas/educador-fisico/32886012/
Monitora Escolar,,,,,,,,,Educacao,https://www.catho.com.br/vagas/monitora-escolar/32983853/
Professora jardim,,,,,,,,,Educacao,https://www.catho.com.br/vagas/professora-jardim/33206383/
Educador,,,,,,,,,Educacao,https://www.catho.com.br/vagas/educador/33137808/
PROFESSOR(A) DE HIDROESTIMULAÇÃO,,,,,,,,,Educacao,https://www.catho.com.br/vagas/professora-de-hidroestimulacao/32300778/
Educador Físico,,,,,,,,,Educacao,https://www.catho.com.br/vagas/educador-fisico/31511177/
monitor de alunos,,,,,,,,,Educacao,https://www.catho.com.br/vagas/monitor-de-alunos/32947933/
monitor de alunos,,,,,,,,,Educacao,https://www.catho.com.br/vagas/monitor-de-alunos/32947931/
Professora de Berçário,,,,,,,,,Educacao,https://www.catho.com.br/vagas/professora-de-bercario/33017801/
Professor de Inglês,,,,,,,,,Educacao,https://www.catho.com.br/vagas/professor-de-ingles/32600752/
Assistente de Coordenação Pedagógica,,,,,,,,,Educacao,https://www.catho.com.br/vagas/assistente-de-coordenacao-pedagogica/31866031/
Inspetor de Alunos (PCD),,,,,,,,,Educacao,https://www.catho.com.br/vagas/inspetor-de-alunos-pcd/33105404/
Auxiliar de Sala,,,,,,,,,Educacao,https://www.catho.com.br/vagas/auxiliar-de-sala/32476348/
"Analista de Faturamento Hospitalar, Brasília DF",,Brasília,,,,,,,Financeira,https://www.catho.com.br/vagas/analista-de-faturamento-hospitalar-brasilia-df/33111393/
Assistente de Projetos e Negócios,,,,,,,,,Financeira,https://www.catho.com.br/vagas/assistente-de-projetos-e-negocios/33177829/
Assistente de Contas a Pagar,,,,,,,,,Financeira,https://www.catho.com.br/vagas/assistente-de-contas-a-pagar/32966221/
Analista de Planejamento Sênior,,,,,,,,,Financeira,https://www.catho.com.br/vagas/analista-de-planejamento-senior/33150305/
Assistente Administrativo Imobiliária,,,,,,,,,Financeira,https://www.catho.com.br/vagas/assistente-administrativo-imobiliaria/32313585/
Assistente Financeiro(a) - Vaga afirmativa também para o público PCD - 98552,o público PCD - 98552,,,,,,Assistente Financeiro(a) - Vaga afirmativa também para o público PCD - 98552,,Financeira,https://www.catho.com.br/vagas/assistente-financeiroa-vaga-afirmativa-tambem-para-o-publico-pcd-98552/32883583/
Analista de Matricula,,,,,,,,,Financeira,https://www.catho.com.br/vagas/analista-de-matricula/32953303/
Escriturário,,,,,,,,,Financeira,https://www.catho.com.br/vagas/escriturario/33270365/
Assistente Administrativo - Hospitalar,,,,,,,,,Financeira,https://www.catho.com.br/vagas/assistente-administrativo-hospitalar/33210412/
Assistente Legalização de Empresas,,,,,,,,,Financeira,https://www.catho.com.br/vagas/assistente-legalizacao-de-empresas/33189022/
Auxiliar administrativo - Brasília/DF,,Brasília,,,,,,,Financeira,https://www.catho.com.br/vagas/auxiliar-administrativo-brasilia-df/33129243/
Operador de Caixa,,,,,,,,,Financeira,https://www.catho.com.br/vagas/operador-de-caixa/33115149/
Auxiliar de Cobrança,,,,,,,,,Financeira,https://www.catho.com.br/vagas/auxiliar-de-cobranca/33111510/
Assistente de Administrativo - Hospitalar,,,,,,,,,Financeira,https://www.catho.com.br/vagas/assistente-de-administrativo-hospitalar/33112344/
Auxiliar Administrativo Hospitalar,,,,,,,,,Financeira,https://www.catho.com.br/vagas/auxiliar-administrativo-hospitalar/33113062/
"Analista de Faturamento Hospitalar, Brasília DF",,Brasília,,,,,,,Financeira,https://www.catho.com.br/vagas/analista-de-faturamento-hospitalar-brasilia-df/33111393/
Assistente de Projetos e Negócios,,,,,,,,,Financeira,https://www.catho.com.br/vagas/assistente-de-projetos-e-negocios/33177829/
Assistente de Contas a Pagar,,,,,,,,,Financeira,https://www.catho.com.br/vagas/assistente-de-contas-a-pagar/32966221/
Analista de Planejamento Sênior,,,,,,,,,Financeira,https://www.catho.com.br/vagas/analista-de-planejamento-senior/33150305/
Assistente Administrativo Imobiliária,,,,,,,,,Financeira,https://www.catho.com.br/vagas/assistente-administrativo-imobiliaria/32313585/
Assistente Financeiro(a) - Vaga afirmativa também para o público PCD - 98552,o público PCD - 98552,,,,,,Assistente Financeiro(a) - Vaga afirmativa também para o público PCD - 98552,,Financeira,https://www.catho.com.br/vagas/assistente-financeiroa-vaga-afirmativa-tambem-para-o-publico-pcd-98552/32883583/
Analista de Matricula,,,,,,,,,Financeira,https://www.catho.com.br/vagas/analista-de-matricula/32953303/
Escriturário,,,,,,,,,Financeira,https://www.catho.com.br/vagas/escriturario/33270365/
Assistente Administrativo - Hospitalar,,,,,,,,,Financeira,https://www.catho.com.br/vagas/assistente-administrativo-hospitalar/33210412/
Assistente Legalização de Empresas,,,,,,,,,Financeira,https://www.catho.com.br/vagas/assistente-legalizacao-de-empresas/33189022/
Auxiliar administrativo - Brasília/DF,,Brasília,,,,,,,Financeira,https://www.catho.com.br/vagas/auxiliar-administrativo-brasilia-df/33129243/
Operador de Caixa,,,,,,,,,Financeira,https://www.catho.com.br/vagas/operador-de-caixa/33115149/
Auxiliar de Cobrança,,,,,,,,,Financeira,https://www.catho.com.br/vagas/auxiliar-de-cobranca/33111510/
Assistente de Administrativo - Hospitalar,,,,,,,,,Financeira,https://www.catho.com.br/vagas/assistente-de-administrativo-hospitalar/33112344/
Auxiliar Administrativo Hospitalar,,,,,,,,,Financeira,https://www.catho.com.br/vagas/auxiliar-administrativo-hospitalar/33113062/
Consultor de Viagens,,,,,,,,,Hotelaria e turismo,https://www.catho.com.br/vagas/consultor-de-viagens/33132414/
Assistente de Eventos Médicos - Brasilia,,,,,,,,,Hotelaria e turismo,https://www.catho.com.br/vagas/assistente-de-eventos-medicos-brasilia/33240415/
ATENDENTE FAST FOOD,,,,,,,,,Hotelaria e turismo,https://www.catho.com.br/vagas/atendente-fast-food/33115246/
Gerente de Restaurante - KFC Taguatinga/DF,,,,,,,,,Hotelaria e turismo,https://www.catho.com.br/vagas/gerente-de-restaurante-kfc-taguatinga-df/33100839/
AUXILIAR DE COZINHA FAST FOOD,,,,,,,,,Hotelaria e turismo,https://www.catho.com.br/vagas/auxiliar-de-cozinha-fast-food/33059506/
Hostess,,,,,,,,,Hotelaria e turismo,https://www.catho.com.br/vagas/hostess/33034983/
Garçom Brasília,,Brasília,,,,,,,Hotelaria e turismo,https://www.catho.com.br/vagas/garcom-brasilia/33034988/
Garçom,,,,,,,,,Hotelaria e turismo,https://www.catho.com.br/vagas/garcom/32845233/
Atendente de Restaurante - KFC Taguatinga/DF,,,,,,,,,Hotelaria e turismo,https://www.catho.com.br/vagas/atendente-de-restaurante-kfc-taguatinga-df/32839531/
Cozinheiro,,,,,,,,,Hotelaria e turismo,https://www.catho.com.br/vagas/cozinheiro/32730386/
Manipulador de Alimentos,,,,,,,,,Hotelaria e turismo,https://www.catho.com.br/vagas/manipulador-de-alimentos/32682449/
Auxiliar de Cozinha Industrial,,,,,,,,,Hotelaria e turismo,https://www.catho.com.br/vagas/auxiliar-de-cozinha-industrial/32629696/
Auxiliar de Confeitaria,,,,,,,,,Hotelaria e turismo,https://www.catho.com.br/vagas/auxiliar-de-confeitaria/32498429/
Auxiliar de Cozinha,,,,,,,,,Hotelaria e turismo,https://www.catho.com.br/vagas/auxiliar-de-cozinha/32909785/
Cozinheiro,,,,,,,,,Hotelaria e turismo,https://www.catho.com.br/vagas/cozinheiro/33198243/
Consultor de Viagens,,,,,,,,,Hotelaria e turismo,https://www.catho.com.br/vagas/consultor-de-viagens/33132414/
Assistente de Eventos Médicos - Brasilia,,,,,,,,,Hotelaria e turismo,https://www.catho.com.br/vagas/assistente-de-eventos-medicos-brasilia/33240415/
ATENDENTE FAST FOOD,,,,,,,,,Hotelaria e turismo,https://www.catho.com.br/vagas/atendente-fast-food/33115246/
Gerente de Restaurante - KFC Taguatinga/DF,,,,,,,,,Hotelaria e turismo,https://www.catho.com.br/vagas/gerente-de-restaurante-kfc-taguatinga-df/33100839/
AUXILIAR DE COZINHA FAST FOOD,,,,,,,,,Hotelaria e turismo,https://www.catho.com.br/vagas/auxiliar-de-cozinha-fast-food/33059506/
Hostess,,,,,,,,,Hotelaria e turismo,https://www.catho.com.br/vagas/hostess/33034983/
Garçom Brasília,,Brasília,,,,,,,Hotelaria e turismo,https://www.catho.com.br/vagas/garcom-brasilia/33034988/
Garçom,,,,,,,,,Hotelaria e turismo,https://www.catho.com.br/vagas/garcom/32845233/
Atendente de Restaurante - KFC Taguatinga/DF,,,,,,,,,Hotelaria e turismo,https://www.catho.com.br/vagas/atendente-de-restaurante-kfc-taguatinga-df/32839531/
Cozinheiro,,,,,,,,,Hotelaria e turismo,https://www.catho.com.br/vagas/cozinheiro/32730386/
Manipulador de Alimentos,,,,,,,,,Hotelaria e turismo,https://www.catho.com.br/vagas/manipulador-de-alimentos/32682449/
Auxiliar de Cozinha Industrial,,,,,,,,,Hotelaria e turismo,https://www.catho.com.br/vagas/auxiliar-de-cozinha-industrial/32629696/
Auxiliar de Confeitaria,,,,,,,,,Hotelaria e turismo,https://www.catho.com.br/vagas/auxiliar-de-confeitaria/32498429/
Auxiliar de Cozinha,,,,,,,,,Hotelaria e turismo,https://www.catho.com.br/vagas/auxiliar-de-cozinha/32909785/
Cozinheiro,,,,,,,,,Hotelaria e turismo,https://www.catho.com.br/vagas/cozinheiro/33198243/
Desenvolvedor(A) Júnior -Php,,,,,,,,,Informatica,https://www.catho.com.br/vagas/desenvolvedora-junior-php/31593196/
TÉCNICO DE SUPORTE DE TI (INTERMITENTE),,,,,,,,,Informatica,https://www.catho.com.br/vagas/tecnico-de-suporte-de-ti-intermitente/33135292/
Assistente de Monitoramento NOC - Nível 1,,,,,,,,,Informatica,https://www.catho.com.br/vagas/assistente-de-monitoramento-noc-nivel-1/32480788/
TÉCNICO DE SUPORTE DE TECNOLOGIA DA INFORMAÇÃO,,,,,,,,,Informatica,https://www.catho.com.br/vagas/tecnico-de-suporte-de-tecnologia-da-informacao/33210538/
SUPORTE TECNICO,,,,,,,,,Informatica,https://www.catho.com.br/vagas/suporte-tecnico/33226188/
Assistente de TI,,,,,,,,,Informatica,https://www.catho.com.br/vagas/assistente-de-ti/32756637/
Analista de testes automatizados,,,,,,,,,Informatica,https://www.catho.com.br/vagas/analista-de-testes-automatizados/32939540/
Analista de Projetos,,,,,,,,,Informatica,https://www.catho.com.br/vagas/analista-de-projetos/33104442/
Analista de Dados,,,,,,,,,Informatica,https://www.catho.com.br/vagas/analista-de-dados/32813349/
Analista de Dados,,,,,,,,,Informatica,https://www.catho.com.br/vagas/analista-de-dados/33196685/
Auxiliar de Suporte ao Cliente [Grupo Euro],,,,,,,,,Informatica,https://www.catho.com.br/vagas/auxiliar-de-suporte-ao-cliente-grupo-euro/32850978/
Técnico de Impressoras - Volante - Brasília,,Brasília,,,,,,,Informatica,https://www.catho.com.br/vagas/tecnico-de-impressoras-volante-brasilia/32945929/
Analista de Suporte Junior,,,,,,,,,Informatica,https://www.catho.com.br/vagas/analista-de-suporte-junior/32845567/
Agente de Service Desk (PCD),,,,,,,,,Informatica,https://www.catho.com.br/vagas/agente-de-service-desk-pcd/32887028/
Agente de Service Desk,,,,,,,,,Informatica,https://www.catho.com.br/vagas/agente-de-service-desk/32887086/
Desenvolvedor(A) Júnior -Php,,,,,,,,,Informatica,https://www.catho.com.br/vagas/desenvolvedora-junior-php/31593196/
TÉCNICO DE SUPORTE DE TI (INTERMITENTE),,,,,,,,,Informatica,https://www.catho.com.br/vagas/tecnico-de-suporte-de-ti-intermitente/33135292/
Assistente de Monitoramento NOC - Nível 1,,,,,,,,,Informatica,https://www.catho.com.br/vagas/assistente-de-monitoramento-noc-nivel-1/32480788/
TÉCNICO DE SUPORTE DE TECNOLOGIA DA INFORMAÇÃO,,,,,,,,,Informatica,https://www.catho.com.br/vagas/tecnico-de-suporte-de-tecnologia-da-informacao/33210538/
SUPORTE TECNICO,,,,,,,,,Informatica,https://www.catho.com.br/vagas/suporte-tecnico/33226188/
Assistente de TI,,,,,,,,,Informatica,https://www.catho.com.br/vagas/assistente-de-ti/32756637/
Analista de testes automatizados,,,,,,,,,Informatica,https://www.catho.com.br/vagas/analista-de-testes-automatizados/32939540/
Analista de Projetos,,,,,,,,,Informatica,https://www.catho.com.br/vagas/analista-de-projetos/33104442/
Analista de Dados,,,,,,,,,Informatica,https://www.catho.com.br/vagas/analista-de-dados/32813349/
Analista de Dados,,,,,,,,,Informatica,https://www.catho.com.br/vagas/analista-de-dados/33196685/
Auxiliar de Suporte ao Cliente [Grupo Euro],,,,,,,,,Informatica,https://www.catho.com.br/vagas/auxiliar-de-suporte-ao-cliente-grupo-euro/32850978/
Técnico de Impressoras - Volante - Brasília,,Brasília,,,,,,,Informatica,https://www.catho.com.br/vagas/tecnico-de-impressoras-volante-brasilia/32945929/
Analista de Suporte Junior,,,,,,,,,Informatica,https://www.catho.com.br/vagas/analista-de-suporte-junior/32845567/
Agente de Service Desk (PCD),,,,,,,,,Informatica,https://www.catho.com.br/vagas/agente-de-service-desk-pcd/32887028/
Agente de Service Desk,,,,,,,,,Informatica,https://www.catho.com.br/vagas/agente-de-service-desk/32887086/
Nutricionista de UAN,,,,,,,,,Saude,https://www.catho.com.br/vagas/nutricionista-de-uan/33025719/
"Técnico de Enfermagem CME (Temporário), Brasília DF",,Brasília,,,,,"Técnico de Enfermagem CME (Temporário), Brasília DF",,Saude,https://www.catho.com.br/vagas/tecnico-de-enfermagem-cme-temporario-brasilia-df/33207064/
Técnico de Coleta sanguínea,,,,,,,,,Saude,https://www.catho.com.br/vagas/tecnico-de-coleta-sanguinea/33191407/
Flebotomista,,,,,,,,,Saude,https://www.catho.com.br/vagas/flebotomista/33137585/
Técnico de Laboratório,,,,,,,,,Saude,https://www.catho.com.br/vagas/tecnico-de-laboratorio/32482913/
Técnico de Enfermagem,,,,,,,,,Saude,https://www.catho.com.br/vagas/tecnico-de-enfermagem/33267413/
Auxiliar de Estética,,,,,,,,,Saude,https://www.catho.com.br/vagas/auxiliar-de-estetica/32158588/
Técnico de Enfermagem com experiência comprovada em OFTALMOLÓGIA.,,,,,,,Técnico de Enfermagem com experiência comprovada em OFTALMOLÓGIA.,,Saude,https://www.catho.com.br/vagas/tecnico-de-enfermagem-com-experiencia-comprovada-em-oftalmologia/32125005/
Técnico de Enfermagem UTI,,,,,,,,,Saude,https://www.catho.com.br/vagas/tecnico-de-enfermagem-uti/32530983/
Farmacêutico,,,,,,,,,Saude,https://www.catho.com.br/vagas/farmaceutico/33263262/
AUXILIAR DE NUTRIÇÃO (Temporário),,,,,,,,,Saude,https://www.catho.com.br/vagas/auxiliar-de-nutricao-temporario/33140656/
Depiladora,,,,,,,,,Saude,https://www.catho.com.br/vagas/depiladora/33123738/
AUXILIAR DE COZINHA FAST FOOD,,,,,,,,,Saude,https://www.catho.com.br/vagas/auxiliar-de-cozinha-fast-food/33059506/
Fisioterapeuta Geral,,,,,,,,,Saude,https://www.catho.com.br/vagas/fisioterapeuta-geral/32981861/
Nutricionista,,,,,,,,,Saude,https://www.catho.com.br/vagas/nutricionista/32981873/
Nutricionista de UAN,,,,,,,,,Saude,https://www.catho.com.br/vagas/nutricionista-de-uan/33025719/
"Técnico de Enfermagem CME (Temporário), Brasília DF",,Brasília,,,,,"Técnico de Enfermagem CME (Temporário), Brasília DF",,Saude,https://www.catho.com.br/vagas/tecnico-de-enfermagem-cme-temporario-brasilia-df/33207064/
Técnico de Coleta sanguínea,,,,,,,,,Saude,https://www.catho.com.br/vagas/tecnico-de-coleta-sanguinea/33191407/
Flebotomista,,,,,,,,,Saude,https://www.catho.com.br/vagas/flebotomista/33137585/
Técnico de Laboratório,,,,,,,,,Saude,https://www.catho.com.br/vagas/tecnico-de-laboratorio/32482913/
Técnico de Enfermagem,,,,,,,,,Saude,https://www.catho.com.br/vagas/tecnico-de-enfermagem/33267413/
Auxiliar de Estética,,,,,,,,,Saude,https://www.catho.com.br/vagas/auxiliar-de-estetica/32158588/
Técnico de Enfermagem com experiência comprovada em OFTALMOLÓGIA.,,,,,,,Técnico de Enfermagem com experiência comprovada em OFTALMOLÓGIA.,,Saude,https://www.catho.com.br/vagas/tecnico-de-enfermagem-com-experiencia-comprovada-em-oftalmologia/32125005/
Técnico de Enfermagem UTI,,,,,,,,,Saude,https://www.catho.com.br/vagas/tecnico-de-enfermagem-uti/32530983/
Farmacêutico,,,,,,,,,Saude,https://www.catho.com.br/vagas/farmaceutico/33263262/
AUXILIAR DE NUTRIÇÃO (Temporário),,,,,,,,,Saude,https://www.catho.com.br/vagas/auxiliar-de-nutricao-temporario/33140656/
Depiladora,,,,,,,,,Saude,https://www.catho.com.br/vagas/depiladora/33123738/
AUXILIAR DE COZINHA FAST FOOD,,,,,,,,,Saude,https://www.catho.com.br/vagas/auxiliar-de-cozinha-fast-food/33059506/
Fisioterapeuta Geral,,,,,,,,,Saude,https://www.catho.com.br/vagas/fisioterapeuta-geral/32981861/
Nutricionista,,,,,,,,,Saude,https://www.catho.com.br/vagas/nutricionista/32981873/
Analista de Compras,,,,,,,,,Suprimentos,https://www.catho.com.br/vagas/analista-de-compras/32971790/
Líder de Logística,,,,,,,,,Suprimentos,https://www.catho.com.br/vagas/lider-de-logistica/33212688/
Analista Compras Jr,,,,,,,,,Suprimentos,https://www.catho.com.br/vagas/analista-compras-jr/33105098/
Líder de Logística,,,,,,,,,Suprimentos,https://www.catho.com.br/vagas/lider-de-logistica/33112302/
Analista de Estoque hospitalar,,,,,,,,,Suprimentos,https://www.catho.com.br/vagas/analista-de-estoque-hospitalar/33014819/
Auxiliar Logístico e Ajudante Geral - Brasília -DF,,lia,,,,,,,Suprimentos,https://www.catho.com.br/vagas/auxiliar-logistico-e-ajudante-geral-brasilia-df/33270346/
Estoquista - Grupo AZZAS,,,,,,,,,Suprimentos,https://www.catho.com.br/vagas/estoquista-grupo-azzas/33222334/
AUXILIAR DE LOGISTICA (BRASILIA),,,,,,,,,Suprimentos,https://www.catho.com.br/vagas/auxiliar-de-logistica-brasilia/33195541/
AUXILIAR DE OPERAÇÕES (Temporário),,,,,,,,,Suprimentos,https://www.catho.com.br/vagas/auxiliar-de-operacoes-temporario/33140666/
Líder de Operações,,,,,,,,,Suprimentos,https://www.catho.com.br/vagas/lider-de-operacoes/33123568/
Operador de Logística,,,,,,,,,Suprimentos,https://www.catho.com.br/vagas/operador-de-logistica/32862287/
Ajudante de Transportes,,,,,,,,,Suprimentos,https://www.catho.com.br/vagas/ajudante-de-transportes/32967077/
Auxiliar de Estoque,,,,,,,,,Suprimentos,https://www.catho.com.br/vagas/auxiliar-de-estoque/33059246/
Auxiliar de Almoxarifado e Administrativo,,,,,,,,,Suprimentos,https://www.catho.com.br/vagas/auxiliar-de-almoxarifado-e-administrativo/33137826/
Ajudante de Expedição - Vaga afirmativa também para o público PCD - 99102,o público PCD - 99102,,,,,,Ajudante de Expedição - Vaga afirmativa também para o público PCD - 99102,,Suprimentos,https://www.catho.com.br/vagas/ajudante-de-expedicao-vaga-afirmativa-tambem-para-o-publico-pcd-99102/33059054/
Analista de Compras,,,,,,,,,Suprimentos,https://www.catho.com.br/vagas/analista-de-compras/32971790/
Supervisor(a) de Expedição - 98081,,,,,,,,,Suprimentos,https://www.catho.com.br/vagas/supervisora-de-expedicao-98081/32710355/
Líder de Logística,,,,,,,,,Suprimentos,https://www.catho.com.br/vagas/lider-de-logistica/33212688/
Líder de Operações Logísticas,,,,,,,,,Suprimentos,https://www.catho.com.br/vagas/lider-de-operacoes-logisticas/32374945/
Analista de Estoque hospitalar,,,,,,,,,Suprimentos,https://www.catho.com.br/vagas/analista-de-estoque-hospitalar/33014819/
Auxiliar Logístico e Ajudante Geral - Brasília -DF,,lia,,,,,,,Suprimentos,https://www.catho.com.br/vagas/auxiliar-logistico-e-ajudante-geral-brasilia-df/33270346/
Estoquista - Grupo AZZAS,,,,,,,,,Suprimentos,https://www.catho.com.br/vagas/estoquista-grupo-azzas/33222334/
AUXILIAR DE LOGISTICA (BRASILIA),,,,,,,,,Suprimentos,https://www.catho.com.br/vagas/auxiliar-de-logistica-brasilia/33195541/
Estoquista,,,,,,,,,Suprimentos,https://www.catho.com.br/vagas/estoquista/32762598/
Estoquista,,,,,,,,,Suprimentos,https://www.catho.com.br/vagas/estoquista/32501090/
Estoquista,,,,,,,,,Suprimentos,https://www.catho.com.br/vagas/estoquista/32389758/
Ajudante de Motorista,,,,,,,,,Suprimentos,https://www.catho.com.br/vagas/ajudante-de-motorista/32570717/
Operador Logístico III,,,,,,,,,Suprimentos,https://www.catho.com.br/vagas/operador-logistico-iii/32316636/
Assistente de Logística,,,,,,,,,Suprimentos,https://www.catho.com.br/vagas/assistente-de-logistica/32939194/
AUXILIAR DE EXPEDIÇÃO DE MATERIAIS PARA CONSTRUÇÃO,CONSTRUÇÃO,,,,,,,,Suprimentos,https://www.catho.com.br/vagas/auxiliar-de-expedicao-de-materiais-para-construcao/32187811/
Veterinário Patologista,,,,,,,,,"Agricultura,pecuaria e veterinaria",https://www.catho.com.br/vagas/veterinario-patologista/33208971/
Gerente Agrícola,,,,,,,,,"Agricultura,pecuaria e veterinaria",https://www.catho.com.br/vagas/gerente-agricola/31682551/
Técnico Agrícola,,,,,,,,,"Agricultura,pecuaria e veterinaria",https://www.catho.com.br/vagas/tecnico-agricola/31478627/
Microbiologista,,,,,,,,,"Agricultura,pecuaria e veterinaria",https://www.catho.com.br/vagas/microbiologista/32697074/
Engenheiro Agrônomo,,,,,,,,,"Agricultura,pecuaria e veterinaria",https://www.catho.com.br/vagas/engenheiro-agronomo/32407873/
Gerente de Fazenda (Leiteira),,,,,,,,,"Agricultura,pecuaria e veterinaria",https://www.catho.com.br/vagas/gerente-de-fazenda-leiteira/33040011/
Representante Técnico de Vendas – Substratos,,,,,,,,,"Agricultura,pecuaria e veterinaria",https://www.catho.com.br/vagas/representante-tecnico-de-vendas-substratos/33014843/
Engenheiro quimico,,,,,,,,,"Agricultura,pecuaria e veterinaria",https://www.catho.com.br/vagas/engenheiro-quimico/32981326/
Gerente de Maquinas Agrícolas,,,,,,,,,"Agricultura,pecuaria e veterinaria",https://www.catho.com.br/vagas/gerente-de-maquinas-agricolas/31745975/
Engenheiro de Alimentos Júnior,,,,,,,,,"Agricultura,pecuaria e veterinaria",https://www.catho.com.br/vagas/engenheiro-de-alimentos-junior/31728800/
Veterinário- Fortaleza,,Fortaleza,,,,,,,"Agricultura,pecuaria e veterinaria",https://www.catho.com.br/vagas/veterinario-fortaleza/33181099/
Biólogo Sorocaba-SP,,logo Sorocaba,,,,,,,"Agricultura,pecuaria e veterinaria",https://www.catho.com.br/vagas/biologo-sorocaba-sp/33111625/
Agrônomo,,,,,,,,,"Agricultura,pecuaria e veterinaria",https://www.catho.com.br/vagas/agronomo/32685452/
Agrônomo,,,,,,,,,"Agricultura,pecuaria e veterinaria",https://www.catho.com.br/vagas/agronomo/32685443/
Auxiliar de veterinário,,,,,,,,,"Agricultura,pecuaria e veterinaria",https://www.catho.com.br/vagas/auxiliar-de-veterinario/33185541/
Veterinário Patologista,,,,,,,,,"Agricultura,pecuaria e veterinaria",https://www.catho.com.br/vagas/veterinario-patologista/33208971/
Gerente Agrícola,,,,,,,,,"Agricultura,pecuaria e veterinaria",https://www.catho.com.br/vagas/gerente-agricola/31682551/
Técnico Agrícola,,,,,,,,,"Agricultura,pecuaria e veterinaria",https://www.catho.com.br/vagas/tecnico-agricola/31478627/
Microbiologista,,,,,,,,,"Agricultura,pecuaria e veterinaria",https://www.catho.com.br/vagas/microbiologista/32697074/
Engenheiro Agrônomo,,,,,,,,,"Agricultura,pecuaria e veterinaria",https://www.catho.com.br/vagas/engenheiro-agronomo/32407873/
Gerente de Fazenda (Leiteira),,,,,,,,,"Agricultura,pecuaria e veterinaria",https://www.catho.com.br/vagas/gerente-de-fazenda-leiteira/33040011/
Representante Técnico de Vendas – Substratos,,,,,,,,,"Agricultura,pecuaria e veterinaria",https://www.catho.com.br/vagas/representante-tecnico-de-vendas-substratos/33014843/
Engenheiro quimico,,,,,,,,,"Agricultura,pecuaria e veterinaria",https://www.catho.com.br/vagas/engenheiro-quimico/32981326/
Gerente de Maquinas Agrícolas,,,,,,,,,"Agricultura,pecuaria e veterinaria",https://www.catho.com.br/vagas/gerente-de-maquinas-agricolas/31745975/
Engenheiro de Alimentos Júnior,,,,,,,,,"Agricultura,pecuaria e veterinaria",https://www.catho.com.br/vagas/engenheiro-de-alimentos-junior/31728800/
Veterinário- Fortaleza,,Fortaleza,,,,,,,"Agricultura,pecuaria e veterinaria",https://www.catho.com.br/vagas/veterinario-fortaleza/33181099/
Biólogo Sorocaba-SP,,logo Sorocaba,,,,,,,"Agricultura,pecuaria e veterinaria",https://www.catho.com.br/vagas/biologo-sorocaba-sp/33111625/
Agrônomo,,,,,,,,,"Agricultura,pecuaria e veterinaria",https://www.catho.com.br/vagas/agronomo/32685452/
Agrônomo,,,,,,,,,"Agricultura,pecuaria e veterinaria",https://www.catho.com.br/vagas/agronomo/32685443/
Auxiliar de veterinário,,,,,,,,,"Agricultura,pecuaria e veterinaria",https://www.catho.com.br/vagas/auxiliar-de-veterinario/33185541/
Cadista / Projetista,,,,,,,,,"Artes,arquitetura e design",https://www.catho.com.br/vagas/cadista-projetista/32252891/
Coordenador de Estágio,,,,,,,,,"Artes,arquitetura e design",https://www.catho.com.br/vagas/coordenador-de-estagio/32252266/
Líder de coleta,,,,,,,,,"Artes,arquitetura e design",https://www.catho.com.br/vagas/lider-de-coleta/32708348/
Diagramador,,,,,,,,,"Artes,arquitetura e design",https://www.catho.com.br/vagas/diagramador/33190663/
Produtor de Moda,,,,,,,,,"Artes,arquitetura e design",https://www.catho.com.br/vagas/produtor-de-moda/33206200/
Produtor Cultural,,,,,,,,,"Artes,arquitetura e design",https://www.catho.com.br/vagas/produtor-cultural/32527461/
Desenhista / Projetista,,,,,,,,,"Artes,arquitetura e design",https://www.catho.com.br/vagas/desenhista-projetista/32172259/
Técnico Projetista,,,,,,,,,"Artes,arquitetura e design",https://www.catho.com.br/vagas/tecnico-projetista/33219059/
Projetista de Móveis Planejados,,,,,,,,,"Artes,arquitetura e design",https://www.catho.com.br/vagas/projetista-de-moveis-planejados/33217496/
Designer Gráfico,,,,,,,,,"Artes,arquitetura e design",https://www.catho.com.br/vagas/designer-grafico/33149147/
Designer Gráfico,,,,,,,,,"Artes,arquitetura e design",https://www.catho.com.br/vagas/designer-grafico/33107776/
Projetista de Instalações Prediais Elétrica,,,,,,,,,"Artes,arquitetura e design",https://www.catho.com.br/vagas/projetista-de-instalacoes-prediais-eletrica/32183581/
Projetista de Instalações Prediais Hidráulica,,,,,,,,,"Artes,arquitetura e design",https://www.catho.com.br/vagas/projetista-de-instalacoes-prediais-hidraulica/32183593/
Projetista de Instalações Prediais Elétrica e/ou Hidraulica Freelance,,,,,,,Projetista de Instalações Prediais Elétrica e/ou Hidraulica Freelance,,"Artes,arquitetura e design",https://www.catho.com.br/vagas/projetista-de-instalacoes-prediais-eletrica-e-ou-hidraulica-freelance/32216972/
Arquiteto,,,,,,,,,"Artes,arquitetura e design",https://www.catho.com.br/vagas/arquiteto/32250139/
Cadista / Projetista,,,,,,,,,"Artes,arquitetura e design",https://www.catho.com.br/vagas/cadista-projetista/32252891/
Coordenador de Estágio,,,,,,,,,"Artes,arquitetura e design",https://www.catho.com.br/vagas/coordenador-de-estagio/32252266/
Líder de coleta,,,,,,,,,"Artes,arquitetura e design",https://www.catho.com.br/vagas/lider-de-coleta/32708348/
Diagramador,,,,,,,,,"Artes,arquitetura e design",https://www.catho.com.br/vagas/diagramador/33190663/
Produtor de Moda,,,,,,,,,"Artes,arquitetura e design",https://www.catho.com.br/vagas/produtor-de-moda/33206200/
Produtor Cultural,,,,,,,,,"Artes,arquitetura e design",https://www.catho.com.br/vagas/produtor-cultural/32527461/
Desenhista / Projetista,,,,,,,,,"Artes,arquitetura e design",https://www.catho.com.br/vagas/desenhista-projetista/32172259/
Técnico Projetista,,,,,,,,,"Artes,arquitetura e design",https://www.catho.com.br/vagas/tecnico-projetista/33219059/
Projetista de Móveis Planejados,,,,,,,,,"Artes,arquitetura e design",https://www.catho.com.br/vagas/projetista-de-moveis-planejados/33217496/
Designer Gráfico,,,,,,,,,"Artes,arquitetura e design",https://www.catho.com.br/vagas/designer-grafico/33149147/
Designer Gráfico,,,,,,,,,"Artes,arquitetura e design",https://www.catho.com.br/vagas/designer-grafico/33107776/
Projetista de Instalações Prediais Elétrica,,,,,,,,,"Artes,arquitetura e design",https://www.catho.com.br/vagas/projetista-de-instalacoes-prediais-eletrica/32183581/
Projetista de Instalações Prediais Hidráulica,,,,,,,,,"Artes,arquitetura e design",https://www.catho.com.br/vagas/projetista-de-instalacoes-prediais-hidraulica/32183593/
Projetista de Instalações Prediais Elétrica e/ou Hidraulica Freelance,,,,,,,Projetista de Instalações Prediais Elétrica e/ou Hidraulica Freelance,,"Artes,arquitetura e design",https://www.catho.com.br/vagas/projetista-de-instalacoes-prediais-eletrica-e-ou-hidraulica-freelance/32216972/
Arquiteto,,,,,,,,,"Artes,arquitetura e design",https://www.catho.com.br/vagas/arquiteto/32250139/
ESPECIALISTA DE PRODUTOS,,,,,,,,,Comunicacao e marketing,https://www.catho.com.br/vagas/especialista-de-produtos/32989375/
Assistente de Eventos Médicos - Brasilia,,,,,,,,,Comunicacao e marketing,https://www.catho.com.br/vagas/assistente-de-eventos-medicos-brasilia/33240415/
Locutor,,,,,,,,,Comunicacao e marketing,https://www.catho.com.br/vagas/locutor/32606157/
Promotor de Trade Marketing,,,,,,,,,Comunicacao e marketing,https://www.catho.com.br/vagas/promotor-de-trade-marketing/32759154/
Auxiliar de Marketing,,,,,,,,,Comunicacao e marketing,https://www.catho.com.br/vagas/auxiliar-de-marketing/32158529/
Comunicação & Social Midia,,,,,,,,,Comunicacao e marketing,https://www.catho.com.br/vagas/comunicacao-social-midia/32875973/
Atendimento de Marketing e Publicidade,,,,,,,,,Comunicacao e marketing,https://www.catho.com.br/vagas/atendimento-de-marketing-e-publicidade/32848512/
Social Media,,,,,,,,,Comunicacao e marketing,https://www.catho.com.br/vagas/social-media/32187816/
auxiliar de festas,,,,,,,,,Comunicacao e marketing,https://www.catho.com.br/vagas/auxiliar-de-festas/33120877/
Social Media Analyst,,,,,,,,,Comunicacao e marketing,https://www.catho.com.br/vagas/social-media-analyst/32729856/
Trainee de Marketing - Multilife,,,,,,,,,Comunicacao e marketing,https://www.catho.com.br/vagas/trainee-de-marketing-multilife/32758690/
Assistente de Trade Marketing e Merchandising - Regional,,,,,,,Assistente de Trade Marketing e Merchandising - Regional,,Comunicacao e marketing,https://www.catho.com.br/vagas/assistente-de-trade-marketing-e-merchandising-regional/33105547/
Live Marketing,,,,,,,,,Comunicacao e marketing,https://www.catho.com.br/vagas/live-marketing/33149538/
Coordenador de Merchandising,,,,,,,,,Comunicacao e marketing,https://www.catho.com.br/vagas/coordenador-de-merchandising/33117277/
Coordenador de Merchandising,,,,,,,,,Comunicacao e marketing,https://www.catho.com.br/vagas/coordenador-de-merchandising/33113530/
ESPECIALISTA DE PRODUTOS,,,,,,,,,Comunicacao e marketing,https://www.catho.com.br/vagas/especialista-de-produtos/32989375/
Assistente de Eventos Médicos - Brasilia,,,,,,,,,Comunicacao e marketing,https://www.catho.com.br/vagas/assistente-de-eventos-medicos-brasilia/33240415/
Locutor,,,,,,,,,Comunicacao e marketing,https://www.catho.com.br/vagas/locutor/32606157/
Promotor de Trade Marketing,,,,,,,,,Comunicacao e marketing,https://www.catho.com.br/vagas/promotor-de-trade-marketing/32759154/
Auxiliar de Marketing,,,,,,,,,Comunicacao e marketing,https://www.catho.com.br/vagas/auxiliar-de-marketing/32158529/
Comunicação & Social Midia,,,,,,,,,Comunicacao e marketing,https://www.catho.com.br/vagas/comunicacao-social-midia/32875973/
Atendimento de Marketing e Publicidade,,,,,,,,,Comunicacao e marketing,https://www.catho.com.br/vagas/atendimento-de-marketing-e-publicidade/32848512/
Social Media,,,,,,,,,Comunicacao e marketing,https://www.catho.com.br/vagas/social-media/32187816/
auxiliar de festas,,,,,,,,,Comunicacao e marketing,https://www.catho.com.br/vagas/auxiliar-de-festas/33120877/
Social Media Analyst,,,,,,,,,Comunicacao e marketing,https://www.catho.com.br/vagas/social-media-analyst/32729856/
Trainee de Marketing - Multilife,,,,,,,,,Comunicacao e marketing,https://www.catho.com.br/vagas/trainee-de-marketing-multilife/32758690/
Assistente de Trade Marketing e Merchandising - Regional,,,,,,,Assistente de Trade Marketing e Merchandising - Regional,,Comunicacao e marketing,https://www.catho.com.br/vagas/assistente-de-trade-marketing-e-merchandising-regional/33105547/
Live Marketing,,,,,,,,,Comunicacao e marketing,https://www.catho.com.br/vagas/live-marketing/33149538/
Coordenador de Merchandising,,,,,,,,,Comunicacao e marketing,https://www.catho.com.br/vagas/coordenador-de-merchandising/33117277/
Coordenador de Merchandising,,,,,,,,,Comunicacao e marketing,https://www.catho.com.br/vagas/coordenador-de-merchandising/33113530/
Orçamentista Civil,,,,,,,,,Engenharia,https://www.catho.com.br/vagas/orcamentista-civil/32097905/
Engenheiro Civil,,,,,,,,,Engenharia,https://www.catho.com.br/vagas/engenheiro-civil/32097858/
Engenheiro(a) Orçamentista Trainee,,,,,,,,,Engenharia,https://www.catho.com.br/vagas/engenheiroa-orcamentista-trainee/31740590/
Encarregado Mecânico,,,,,,,,,Engenharia,https://www.catho.com.br/vagas/encarregado-mecanico/32184220/
Técnico de Coleta sanguínea,,,,,,,,,Engenharia,https://www.catho.com.br/vagas/tecnico-de-coleta-sanguinea/33191407/
Técnico de Laboratório,,,,,,,,,Engenharia,https://www.catho.com.br/vagas/tecnico-de-laboratorio/32482913/
Técnico Eletrônico de Campo,,,,,,,,,Engenharia,https://www.catho.com.br/vagas/tecnico-eletronico-de-campo/33147655/
Engenheiro de Minas,,,,,,,,,Engenharia,https://www.catho.com.br/vagas/engenheiro-de-minas/32214143/
Técnico em Eletroeletrônica Júnior,,,,,,,,,Engenharia,https://www.catho.com.br/vagas/tecnico-em-eletroeletronica-junior/32532275/
ANALISTA DE PROCESSOS,,,,,,,,,Engenharia,https://www.catho.com.br/vagas/analista-de-processos/32515151/
Meio Oficial de Refrigeração,,,,,,,,,Engenharia,https://www.catho.com.br/vagas/meio-oficial-de-refrigeracao/33209051/
Engenheiro Instalações,,,,,,,,,Engenharia,https://www.catho.com.br/vagas/engenheiro-instalacoes/32667514/
Técnico Eletroeletrônico,,,,,,,,,Engenharia,https://www.catho.com.br/vagas/tecnico-eletroeletronico/33025832/
Encarregado de Obras,,,,,,,,,Engenharia,https://www.catho.com.br/vagas/encarregado-de-obras/33267639/
Líder de Produção,,,,,,,,,Engenharia,https://www.catho.com.br/vagas/lider-de-producao/32183943/
Orçamentista Civil,,,,,,,,,Engenharia,https://www.catho.com.br/vagas/orcamentista-civil/32097905/
Engenheiro Civil,,,,,,,,,Engenharia,https://www.catho.com.br/vagas/engenheiro-civil/32097858/
Engenheiro(a) Orçamentista Trainee,,,,,,,,,Engenharia,https://www.catho.com.br/vagas/engenheiroa-orcamentista-trainee/31740590/
Encarregado Mecânico,,,,,,,,,Engenharia,https://www.catho.com.br/vagas/encarregado-mecanico/32184220/
Técnico de Coleta sanguínea,,,,,,,,,Engenharia,https://www.catho.com.br/vagas/tecnico-de-coleta-sanguinea/33191407/
Técnico de Laboratório,,,,,,,,,Engenharia,https://www.catho.com.br/vagas/tecnico-de-laboratorio/32482913/
Técnico Eletrônico de Campo,,,,,,,,,Engenharia,https://www.catho.com.br/vagas/tecnico-eletronico-de-campo/33147655/
Engenheiro de Minas,,,,,,,,,Engenharia,https://www.catho.com.br/vagas/engenheiro-de-minas/32214143/
Técnico em Eletroeletrônica Júnior,,,,,,,,,Engenharia,https://www.catho.com.br/vagas/tecnico-em-eletroeletronica-junior/32532275/
ANALISTA DE PROCESSOS,,,,,,,,,Engenharia,https://www.catho.com.br/vagas/analista-de-processos/32515151/
Meio Oficial de Refrigeração,,,,,,,,,Engenharia,https://www.catho.com.br/vagas/meio-oficial-de-refrigeracao/33209051/
Engenheiro Instalações,,,,,,,,,Engenharia,https://www.catho.com.br/vagas/engenheiro-instalacoes/32667514/
Técnico Eletroeletrônico,,,,,,,,,Engenharia,https://www.catho.com.br/vagas/tecnico-eletroeletronico/33025832/
Encarregado de Obras,,,,,,,,,Engenharia,https://www.catho.com.br/vagas/encarregado-de-obras/33267639/
Líder de Produção,,,,,,,,,Engenharia,https://www.catho.com.br/vagas/lider-de-producao/32183943/
Encarregado Mecânico,,,,,,,,,Industrial,https://www.catho.com.br/vagas/encarregado-mecanico/32184220/
Auxiliar de Manutenção Geral,,,,,,,,,Industrial,https://www.catho.com.br/vagas/auxiliar-de-manutencao-geral/33226144/
Ajudante de Produção - Vaga afirmativa também para o público PCD,o público PCD,,,,,,Ajudante de Produção - Vaga afirmativa também para o público PCD,,Industrial,https://www.catho.com.br/vagas/ajudante-de-producao-vaga-afirmativa-tambem-para-o-publico-pcd/33225390/
ANALISTA DE PROCESSOS,,,,,,,,,Industrial,https://www.catho.com.br/vagas/analista-de-processos/32515151/
Assistente Administrativo de Manutenção,,,,,,,,,Industrial,https://www.catho.com.br/vagas/assistente-administrativo-de-manutencao/33267378/
Auxiliar de Produção,,,,,,,,,Industrial,https://www.catho.com.br/vagas/auxiliar-de-producao/32219558/
Ajudante de Produção - Vaga afirmativa também para o público PCD - 99543,o público PCD - 99543,,,,,,Ajudante de Produção - Vaga afirmativa também para o público PCD - 99543,,Industrial,https://www.catho.com.br/vagas/ajudante-de-producao-vaga-afirmativa-tambem-para-o-publico-pcd-99543/33222051/
Ajudante de Produção - Vaga afirmativa também para o público PCD - 98392,o público PCD - 98392,,,,,,Ajudante de Produção - Vaga afirmativa também para o público PCD - 98392,,Industrial,https://www.catho.com.br/vagas/ajudante-de-producao-vaga-afirmativa-tambem-para-o-publico-pcd-98392/32813585/
Auxiliar de Produção,,,,,,,,,Industrial,https://www.catho.com.br/vagas/auxiliar-de-producao/32956109/
Auxiliar de Produção,,,,,,,,,Industrial,https://www.catho.com.br/vagas/auxiliar-de-producao/32775837/
Ajudante de Produção - 98075,,,,,,,,,Industrial,https://www.catho.com.br/vagas/ajudante-de-producao-98075/32708218/
Ajudante de Produção - 98074,,,,,,,,,Industrial,https://www.catho.com.br/vagas/ajudante-de-producao-98074/32710381/
Auxiliar de Serviços Gerais - Limpeza,,,,,,,,,Industrial,https://www.catho.com.br/vagas/auxiliar-de-servicos-gerais-limpeza/32603367/
Técnico de manutenção e instalação de portaria remota,,,,,,,Técnico de manutenção e instalação de portaria remota,,Industrial,https://www.catho.com.br/vagas/tecnico-de-manutencao-e-instalacao-de-portaria-remota/32983971/
Auxiliar de Produção,,,,,,,,,Industrial,https://www.catho.com.br/vagas/auxiliar-de-producao/33056398/
Encarregado Mecânico,,,,,,,,,Industrial,https://www.catho.com.br/vagas/encarregado-mecanico/32184220/
Ajudante de Produção - Vaga afirmativa também para o público PCD,o público PCD,,,,,,Ajudante de Produção - Vaga afirmativa também para o público PCD,,Industrial,https://www.catho.com.br/vagas/ajudante-de-producao-vaga-afirmativa-tambem-para-o-publico-pcd/33225390/
Auxiliar de Manutenção Geral,,,,,,,,,Industrial,https://www.catho.com.br/vagas/auxiliar-de-manutencao-geral/33226144/
ANALISTA DE PROCESSOS,,,,,,,,,Industrial,https://www.catho.com.br/vagas/analista-de-processos/32515151/
Assistente Administrativo de Manutenção,,,,,,,,,Industrial,https://www.catho.com.br/vagas/assistente-administrativo-de-manutencao/33267378/
Auxiliar de Produção,,,,,,,,,Industrial,https://www.catho.com.br/vagas/auxiliar-de-producao/32219558/
Ajudante de Produção - Vaga afirmativa também para o público PCD - 99543,o público PCD - 99543,,,,,,Ajudante de Produção - Vaga afirmativa também para o público PCD - 99543,,Industrial,https://www.catho.com.br/vagas/ajudante-de-producao-vaga-afirmativa-tambem-para-o-publico-pcd-99543/33222051/
Ajudante de Produção - Vaga afirmativa também para o público PCD - 98392,o público PCD - 98392,,,,,,Ajudante de Produção - Vaga afirmativa também para o público PCD - 98392,,Industrial,https://www.catho.com.br/vagas/ajudante-de-producao-vaga-afirmativa-tambem-para-o-publico-pcd-98392/32813585/
Auxiliar de Produção,,,,,,,,,Industrial,https://www.catho.com.br/vagas/auxiliar-de-producao/32956109/
Auxiliar de Produção,,,,,,,,,Industrial,https://www.catho.com.br/vagas/auxiliar-de-producao/32775837/
Ajudante de Produção - 98074,,,,,,,,,Industrial,https://www.catho.com.br/vagas/ajudante-de-producao-98074/32710381/
Ajudante de Produção - 98075,,,,,,,,,Industrial,https://www.catho.com.br/vagas/ajudante-de-producao-98075/32708218/
Auxiliar de Serviços Gerais - Limpeza,,,,,,,,,Industrial,https://www.catho.com.br/vagas/auxiliar-de-servicos-gerais-limpeza/32603367/
Técnico de manutenção e instalação de portaria remota,,,,,,,Técnico de manutenção e instalação de portaria remota,,Industrial,https://www.catho.com.br/vagas/tecnico-de-manutencao-e-instalacao-de-portaria-remota/32983971/
Auxiliar de Produção,,,,,,,,,Industrial,https://www.catho.com.br/vagas/auxiliar-de-producao/33056398/
Auxiliar de Licitação,,,,,,,,,Juridica,https://www.catho.com.br/vagas/auxiliar-de-licitacao/32495468/
Analista de Licitações,,,,,,,,,Juridica,https://www.catho.com.br/vagas/analista-de-licitacoes/32676712/
Auxiliar Jurídico,,,,,,,,,Juridica,https://www.catho.com.br/vagas/auxiliar-juridico/33230860/
Supervisor de Licitação,,,,,,,,,Juridica,https://www.catho.com.br/vagas/supervisor-de-licitacao/33195767/
Assistente de Licitações,,,,,,,,,Juridica,https://www.catho.com.br/vagas/assistente-de-licitacoes/33040534/
Analista de Licitação,,,,,,,,,Juridica,https://www.catho.com.br/vagas/analista-de-licitacao/32266572/
Assistente de Licitação,,,,,,,,,Juridica,https://www.catho.com.br/vagas/assistente-de-licitacao/32266182/
Auxiliar Administrativo Jurídico,,,,,,,,,Juridica,https://www.catho.com.br/vagas/auxiliar-administrativo-juridico/32480805/
Advogado(a) com experiência em Direito Cível,,,,,,,,,Juridica,https://www.catho.com.br/vagas/advogadoa-com-experiencia-em-direito-civel/33145413/
Advogado(a) com experiência em Contencioso,,,,,,,,,Juridica,https://www.catho.com.br/vagas/advogadoa-com-experiencia-em-contencioso/33140250/
Advogado(a) em Direito Internacional Privado,,,,,,,,,Juridica,https://www.catho.com.br/vagas/advogadoa-em-direito-internacional-privado/33056282/
Advogado(a) Fechador de contrato,,,,,,,,,Juridica,https://www.catho.com.br/vagas/advogadoa-fechador-de-contrato/32530930/
Advogado Assistente,,,,,,,,,Juridica,https://www.catho.com.br/vagas/advogado-assistente/32252449/
Advogado Trabalhista,,,,,,,,,Juridica,https://www.catho.com.br/vagas/advogado-trabalhista/32938984/
Advogado Sênior,,,,,,,,,Juridica,https://www.catho.com.br/vagas/advogado-senior/33110584/
Auxiliar de Licitação,,,,,,,,,Juridica,https://www.catho.com.br/vagas/auxiliar-de-licitacao/32495468/
Analista de Licitações,,,,,,,,,Juridica,https://www.catho.com.br/vagas/analista-de-licitacoes/32676712/
Auxiliar Jurídico,,,,,,,,,Juridica,https://www.catho.com.br/vagas/auxiliar-juridico/33230860/
Supervisor de Licitação,,,,,,,,,Juridica,https://www.catho.com.br/vagas/supervisor-de-licitacao/33195767/
Assistente de Licitações,,,,,,,,,Juridica,https://www.catho.com.br/vagas/assistente-de-licitacoes/33040534/
Analista de Licitação,,,,,,,,,Juridica,https://www.catho.com.br/vagas/analista-de-licitacao/32266572/
Assistente de Licitação,,,,,,,,,Juridica,https://www.catho.com.br/vagas/assistente-de-licitacao/32266182/
Auxiliar Administrativo Jurídico,,,,,,,,,Juridica,https://www.catho.com.br/vagas/auxiliar-administrativo-juridico/32480805/
Advogado(a) com experiência em Direito Cível,,,,,,,,,Juridica,https://www.catho.com.br/vagas/advogadoa-com-experiencia-em-direito-civel/33145413/
Advogado(a) com experiência em Contencioso,,,,,,,,,Juridica,https://www.catho.com.br/vagas/advogadoa-com-experiencia-em-contencioso/33140250/
Advogado(a) em Direito Internacional Privado,,,,,,,,,Juridica,https://www.catho.com.br/vagas/advogadoa-em-direito-internacional-privado/33056282/
Advogado(a) Fechador de contrato,,,,,,,,,Juridica,https://www.catho.com.br/vagas/advogadoa-fechador-de-contrato/32530930/
Advogado Assistente,,,,,,,,,Juridica,https://www.catho.com.br/vagas/advogado-assistente/32252449/
Advogado Trabalhista,,,,,,,,,Juridica,https://www.catho.com.br/vagas/advogado-trabalhista/32938984/
Advogado Sênior,,,,,,,,,Juridica,https://www.catho.com.br/vagas/advogado-senior/33110584/
TÉCNICO DE SUPORTE DE TI (INTERMITENTE),,,,,,,,,Tecnica,https://www.catho.com.br/vagas/tecnico-de-suporte-de-ti-intermitente/33135292/
Assistente de Monitoramento NOC - Nível 1,,,,,,,,,Tecnica,https://www.catho.com.br/vagas/assistente-de-monitoramento-noc-nivel-1/32480788/
TÉCNICO DE SUPORTE DE TECNOLOGIA DA INFORMAÇÃO,,,,,,,,,Tecnica,https://www.catho.com.br/vagas/tecnico-de-suporte-de-tecnologia-da-informacao/33210538/
SUPORTE TECNICO,,,,,,,,,Tecnica,https://www.catho.com.br/vagas/suporte-tecnico/33226188/
Cadista / Projetista,,,,,,,,,Tecnica,https://www.catho.com.br/vagas/cadista-projetista/32252891/
Técnico de Impressoras - Volante - Brasília,,Brasília,,,,,,,Tecnica,https://www.catho.com.br/vagas/tecnico-de-impressoras-volante-brasilia/32945929/
Técnico Eletrônico de Campo,,,,,,,,,Tecnica,https://www.catho.com.br/vagas/tecnico-eletronico-de-campo/33147655/
Técnico em Eletroeletrônica Júnior,,,,,,,,,Tecnica,https://www.catho.com.br/vagas/tecnico-em-eletroeletronica-junior/32532275/
Agente de Service Desk (PCD),,,,,,,,,Tecnica,https://www.catho.com.br/vagas/agente-de-service-desk-pcd/32887028/
Agente de Service Desk,,,,,,,,,Tecnica,https://www.catho.com.br/vagas/agente-de-service-desk/32887086/
Auxiliar Técnico,,,,,,,,,Tecnica,https://www.catho.com.br/vagas/auxiliar-tecnico/32567491/
Técnico de Campo,,,,,,,,,Tecnica,https://www.catho.com.br/vagas/tecnico-de-campo/32942585/
Instalador sistemas de segurança,,,,,,,,,Tecnica,https://www.catho.com.br/vagas/instalador-sistemas-de-seguranca/33053764/
Técnico de manutenção e instalação de portaria remota,,,,,,,Técnico de manutenção e instalação de portaria remota,,Tecnica,https://www.catho.com.br/vagas/tecnico-de-manutencao-e-instalacao-de-portaria-remota/32983971/
Técnico em Secretariado,,,,,,,,,Tecnica,https://www.catho.com.br/vagas/tecnico-em-secretariado/33198422/
TÉCNICO DE SUPORTE DE TI (INTERMITENTE),,,,,,,,,Tecnica,https://www.catho.com.br/vagas/tecnico-de-suporte-de-ti-intermitente/33135292/
Assistente de Monitoramento NOC - Nível 1,,,,,,,,,Tecnica,https://www.catho.com.br/vagas/assistente-de-monitoramento-noc-nivel-1/32480788/
TÉCNICO DE SUPORTE DE TECNOLOGIA DA INFORMAÇÃO,,,,,,,,,Tecnica,https://www.catho.com.br/vagas/tecnico-de-suporte-de-tecnologia-da-informacao/33210538/
SUPORTE TECNICO,,,,,,,,,Tecnica,https://www.catho.com.br/vagas/suporte-tecnico/33226188/
Cadista / Projetista,,,,,,,,,Tecnica,https://www.catho.com.br/vagas/cadista-projetista/32252891/
Técnico de Impressoras - Volante - Brasília,,Brasília,,,,,,,Tecnica,https://www.catho.com.br/vagas/tecnico-de-impressoras-volante-brasilia/32945929/
Técnico Eletrônico de Campo,,,,,,,,,Tecnica,https://www.catho.com.br/vagas/tecnico-eletronico-de-campo/33147655/
Técnico em Eletroeletrônica Júnior,,,,,,,,,Tecnica,https://www.catho.com.br/vagas/tecnico-em-eletroeletronica-junior/32532275/
Agente de Service Desk (PCD),,,,,,,,,Tecnica,https://www.catho.com.br/vagas/agente-de-service-desk-pcd/32887028/
Agente de Service Desk,,,,,,,,,Tecnica,https://www.catho.com.br/vagas/agente-de-service-desk/32887086/
Auxiliar Técnico,,,,,,,,,Tecnica,https://www.catho.com.br/vagas/auxiliar-tecnico/32567491/
Técnico de Campo,,,,,,,,,Tecnica,https://www.catho.com.br/vagas/tecnico-de-campo/32942585/
Instalador sistemas de segurança,,,,,,,,,Tecnica,https://www.catho.com.br/vagas/instalador-sistemas-de-seguranca/33053764/
Técnico de manutenção e instalação de portaria remota,,,,,,,Técnico de manutenção e instalação de portaria remota,,Tecnica,https://www.catho.com.br/vagas/tecnico-de-manutencao-e-instalacao-de-portaria-remota/32983971/
Técnico em Secretariado,,,,,,,,,Tecnica,https://www.catho.com.br/vagas/tecnico-em-secretariado/33198422/
Atendente de Telemarketing (Ativo),,,,,,,,,Telemarketing,https://www.catho.com.br/vagas/atendente-de-telemarketing-ativo/33066242/
Auxiliar de Suporte ao Cliente,,,,,,,,,Telemarketing,https://www.catho.com.br/vagas/auxiliar-de-suporte-ao-cliente/32859338/
Auxiliar de cozinha,,,,,,,,,Telemarketing,https://www.catho.com.br/vagas/auxiliar-de-cozinha/32928639/
Supervisor de Televendas,,,,,,,,,Telemarketing,https://www.catho.com.br/vagas/supervisor-de-televendas/33135344/
Auxiliar de Cobrança,,,,,,,,,Telemarketing,https://www.catho.com.br/vagas/auxiliar-de-cobranca/33111510/
Agente de atendimento ao cidadão,,,,,,,,,Telemarketing,https://www.catho.com.br/vagas/agente-de-atendimento-ao-cidadao/33113464/
Jovem Aprendiz na área de Atendimento,,,,,,,,,Telemarketing,https://www.catho.com.br/vagas/jovem-aprendiz-na-area-de-atendimento/32759096/
Assistente de Atendimento,,,,,,,,,Telemarketing,https://www.catho.com.br/vagas/assistente-de-atendimento/32266543/
Analista de Relacionamento,,,,,,,,,Telemarketing,https://www.catho.com.br/vagas/analista-de-relacionamento/32155186/
Atendente,,,,,,,,,Telemarketing,https://www.catho.com.br/vagas/atendente/33152205/
Operador de Cobrança,,,,,,,,,Telemarketing,https://www.catho.com.br/vagas/operador-de-cobranca/32298718/
Atendente de Salão,,,,,,,,,Telemarketing,https://www.catho.com.br/vagas/atendente-de-salao/32844991/
Auxiliar de Serviços Gerais,,,,,,,,,Telemarketing,https://www.catho.com.br/vagas/auxiliar-de-servicos-gerais/32845017/
Atendente,,,,,,,,,Telemarketing,https://www.catho.com.br/vagas/atendente/32842653/
Atendente - La Panière,,,,,,,,,Telemarketing,https://www.catho.com.br/vagas/atendente-la-paniere/32842681/
Atendente de Telemarketing (Ativo),,,,,,,,,Telemarketing,https://www.catho.com.br/vagas/atendente-de-telemarketing-ativo/33066242/
Auxiliar de Suporte ao Cliente,,,,,,,,,Telemarketing,https://www.catho.com.br/vagas/auxiliar-de-suporte-ao-cliente/32859338/
Auxiliar de cozinha,,,,,,,,,Telemarketing,https://www.catho.com.br/vagas/auxiliar-de-cozinha/32928639/
Supervisor de Televendas,,,,,,,,,Telemarketing,https://www.catho.com.br/vagas/supervisor-de-televendas/33135344/
Auxiliar de Cobrança,,,,,,,,,Telemarketing,https://www.catho.com.br/vagas/auxiliar-de-cobranca/33111510/
Agente de atendimento ao cidadão,,,,,,,,,Telemarketing,https://www.catho.com.br/vagas/agente-de-atendimento-ao-cidadao/33113464/
Jovem Aprendiz na área de Atendimento,,,,,,,,,Telemarketing,https://www.catho.com.br/vagas/jovem-aprendiz-na-area-de-atendimento/32759096/
Assistente de Atendimento,,,,,,,,,Telemarketing,https://www.catho.com.br/vagas/assistente-de-atendimento/32266543/
Analista de Relacionamento,,,,,,,,,Telemarketing,https://www.catho.com.br/vagas/analista-de-relacionamento/32155186/
Atendente,,,,,,,,,Telemarketing,https://www.catho.com.br/vagas/atendente/33152205/
Operador de Cobrança,,,,,,,,,Telemarketing,https://www.catho.com.br/vagas/operador-de-cobranca/32298718/
Atendente de Salão,,,,,,,,,Telemarketing,https://www.catho.com.br/vagas/atendente-de-salao/32844991/
Auxiliar de Serviços Gerais,,,,,,,,,Telemarketing,https://www.catho.com.br/vagas/auxiliar-de-servicos-gerais/32845017/
Atendente,,,,,,,,,Telemarketing,https://www.catho.com.br/vagas/atendente/32842653/
Atendente - La Panière,,,,,,,,,Telemarketing,https://www.catho.com.br/vagas/atendente-la-paniere/32842681/
Agente de Service Desk (PCD),,,,,,,,,Telecomunicacoes,https://www.catho.com.br/vagas/agente-de-service-desk-pcd/32887028/
Agente de Service Desk,,,,,,,,,Telecomunicacoes,https://www.catho.com.br/vagas/agente-de-service-desk/32887086/
TÉCNICO TELECOM,,,,,,,,,Telecomunicacoes,https://www.catho.com.br/vagas/tecnico-telecom/32778759/
Supervisor de Telecomunicações,,,,,,,,,Telecomunicacoes,https://www.catho.com.br/vagas/supervisor-de-telecomunicacoes/31511483/
Técnico em Instalação de CFTV e CA,,,,,,,,,Telecomunicacoes,https://www.catho.com.br/vagas/tecnico-em-instalacao-de-cftv-e-ca/31932078/
Analista de Telecomunicações,,,,,,,,,Telecomunicacoes,https://www.catho.com.br/vagas/analista-de-telecomunicacoes/33138107/
AUXILIAR TÉCNICO EM TELECOMUNICAÇÕES - BRASÍLIA E REGIÃO,,BRASÍLIA,,,,,AUXILIAR TÉCNICO EM TELECOMUNICAÇÕES - BRASÍLIA E REGIÃO,,Telecomunicacoes,https://www.catho.com.br/vagas/auxiliar-tecnico-em-telecomunicacoes-brasilia-e-regiao/32948141/
GERENTE DE SUPORTE TÉCNICO DE TECNOLOGIA DA INFORMAÇÃO,,,,,,,GERENTE DE SUPORTE TÉCNICO DE TECNOLOGIA DA INFORMAÇÃO,,Telecomunicacoes,https://www.catho.com.br/vagas/gerente-de-suporte-tecnico-de-tecnologia-da-informacao/32528579/
Administrador de Redes Sênior - Brasília/DF,,Brasília,,,,,,,Telecomunicacoes,https://www.catho.com.br/vagas/administrador-de-redes-senior-brasilia-df/32420599/
Fiscal Civil,,,,,,,,,Telecomunicacoes,https://www.catho.com.br/vagas/fiscal-civil/33068456/
Técnico de Telecomunicações,,,,,,,,,Telecomunicacoes,https://www.catho.com.br/vagas/tecnico-de-telecomunicacoes/32184438/
Técnico de Redes,,,,,,,,,Telecomunicacoes,https://www.catho.com.br/vagas/tecnico-de-redes/33032773/
Analista Técnico de TI,,,,,,,,,Telecomunicacoes,https://www.catho.com.br/vagas/analista-tecnico-de-ti/32929408/
ANALISTA DE REDE DE COMUNICAÇÃO DE DADOS SÊNIOR,,,,,,,,,Telecomunicacoes,https://www.catho.com.br/vagas/analista-de-rede-de-comunicacao-de-dados-senior/32292464/
Analista Técnico Júnior,,,,,,,,,Telecomunicacoes,https://www.catho.com.br/vagas/analista-tecnico-junior/33205595/
Agente de Service Desk (PCD),,,,,,,,,Telecomunicacoes,https://www.catho.com.br/vagas/agente-de-service-desk-pcd/32887028/
Agente de Service Desk,,,,,,,,,Telecomunicacoes,https://www.catho.com.br/vagas/agente-de-service-desk/32887086/
TÉCNICO TELECOM,,,,,,,,,Telecomunicacoes,https://www.catho.com.br/vagas/tecnico-telecom/32778759/
Supervisor de Telecomunicações,,,,,,,,,Telecomunicacoes,https://www.catho.com.br/vagas/supervisor-de-telecomunicacoes/31511483/
Técnico em Instalação de CFTV e CA,,,,,,,,,Telecomunicacoes,https://www.catho.com.br/vagas/tecnico-em-instalacao-de-cftv-e-ca/31932078/
Analista de Telecomunicações,,,,,,,,,Telecomunicacoes,https://www.catho.com.br/vagas/analista-de-telecomunicacoes/33138107/
AUXILIAR TÉCNICO EM TELECOMUNICAÇÕES - BRASÍLIA E REGIÃO,,BRASÍLIA,,,,,AUXILIAR TÉCNICO EM TELECOMUNICAÇÕES - BRASÍLIA E REGIÃO,,Telecomunicacoes,https://www.catho.com.br/vagas/auxiliar-tecnico-em-telecomunicacoes-brasilia-e-regiao/32948141/
GERENTE DE SUPORTE TÉCNICO DE TECNOLOGIA DA INFORMAÇÃO,,,,,,,GERENTE DE SUPORTE TÉCNICO DE TECNOLOGIA DA INFORMAÇÃO,,Telecomunicacoes,https://www.catho.com.br/vagas/gerente-de-suporte-tecnico-de-tecnologia-da-informacao/32528579/
Administrador de Redes Sênior - Brasília/DF,,Brasília,,,,,,,Telecomunicacoes,https://www.catho.com.br/vagas/administrador-de-redes-senior-brasilia-df/32420599/
Fiscal Civil,,,,,,,,,Telecomunicacoes,https://www.catho.com.br/vagas/fiscal-civil/33068456/
Técnico de Telecomunicações,,,,,,,,,Telecomunicacoes,https://www.catho.com.br/vagas/tecnico-de-telecomunicacoes/32184438/
Técnico de Redes,,,,,,,,,Telecomunicacoes,https://www.catho.com.br/vagas/tecnico-de-redes/33032773/
Analista Técnico de TI,,,,,,,,,Telecomunicacoes,https://www.catho.com.br/vagas/analista-tecnico-de-ti/32929408/
ANALISTA DE REDE DE COMUNICAÇÃO DE DADOS SÊNIOR,,,,,,,,,Telecomunicacoes,https://www.catho.com.br/vagas/analista-de-rede-de-comunicacao-de-dados-senior/32292464/
Analista Técnico Júnior,,,,,,,,,Telecomunicacoes,https://www.catho.com.br/vagas/analista-tecnico-junior/33205595/
ASSISTENTE SOCIAL Sr (UTI),,,,,,,,,ServicoSocial,https://www.catho.com.br/vagas/assistente-social-sr-uti/33252756/
ASSISTENTE SOCIAL Pl (UTI),,,,,,,,,ServicoSocial,https://www.catho.com.br/vagas/assistente-social-pl-uti/33252732/
Assistente Social,,,,,,,,,ServicoSocial,https://www.catho.com.br/vagas/assistente-social/33113367/
Educador (a) Social,,,,,,,,,ServicoSocial,https://www.catho.com.br/vagas/educador-a-social/33056093/
Assistente Social,,,,,,,,,ServicoSocial,https://www.catho.com.br/vagas/assistente-social/32926238/
Coordenador de Projeto Social,,,,,,,,,ServicoSocial,https://www.catho.com.br/vagas/coordenador-de-projeto-social/32720244/
Assistente Social,,,,,,,,,ServicoSocial,https://www.catho.com.br/vagas/assistente-social/33219479/
Assistente Social Media,,,,,,,,,ServicoSocial,https://www.catho.com.br/vagas/assistente-social-media/33183321/
Mediador,,,,,,,,,ServicoSocial,https://www.catho.com.br/vagas/mediador/33123547/
Monitor de inclusão,,,,,,,,,ServicoSocial,https://www.catho.com.br/vagas/monitor-de-inclusao/33108942/
Cuidador Social,,,,,,,,,ServicoSocial,https://www.catho.com.br/vagas/cuidador-social/33015292/
Assistente Social,,,,,,,,,ServicoSocial,https://www.catho.com.br/vagas/assistente-social/32948634/
Coordenador(a) de projeto social,,,,,,,,,ServicoSocial,https://www.catho.com.br/vagas/coordenadora-de-projeto-social/32901137/
Ajudante Geral,,,,,,,,,ServicoSocial,https://www.catho.com.br/vagas/ajudante-geral/32856159/
Assistente Social,,,,,,,,,ServicoSocial,https://www.catho.com.br/vagas/assistente-social/32875866/
ASSISTENTE SOCIAL Sr (UTI),,,,,,,,,ServicoSocial,https://www.catho.com.br/vagas/assistente-social-sr-uti/33252756/
ASSISTENTE SOCIAL Pl (UTI),,,,,,,,,ServicoSocial,https://www.catho.com.br/vagas/assistente-social-pl-uti/33252732/
Assistente Social,,,,,,,,,ServicoSocial,https://www.catho.com.br/vagas/assistente-social/33113367/
Educador (a) Social,,,,,,,,,ServicoSocial,https://www.catho.com.br/vagas/educador-a-social/33056093/
Assistente Social,,,,,,,,,ServicoSocial,https://www.catho.com.br/vagas/assistente-social/32926238/
Coordenador de Projeto Social,,,,,,,,,ServicoSocial,https://www.catho.com.br/vagas/coordenador-de-projeto-social/32720244/
Assistente Social,,,,,,,,,ServicoSocial,https://www.catho.com.br/vagas/assistente-social/33219479/
Assistente Social Media,,,,,,,,,ServicoSocial,https://www.catho.com.br/vagas/assistente-social-media/33183321/
Mediador,,,,,,,,,ServicoSocial,https://www.catho.com.br/vagas/mediador/33123547/
Monitor de inclusão,,,,,,,,,ServicoSocial,https://www.catho.com.br/vagas/monitor-de-inclusao/33108942/
Cuidador Social,,,,,,,,,ServicoSocial,https://www.catho.com.br/vagas/cuidador-social/33015292/
Assistente Social,,,,,,,,,ServicoSocial,https://www.catho.com.br/vagas/assistente-social/32948634/
Coordenador(a) de projeto social,,,,,,,,,ServicoSocial,https://www.catho.com.br/vagas/coordenadora-de-projeto-social/32901137/
Ajudante Geral,,,,,,,,,ServicoSocial,https://www.catho.com.br/vagas/ajudante-geral/32856159/
Assistente Social,,,,,,,,,ServicoSocial,https://www.catho.com.br/vagas/assistente-social/32875866/
